dataset,mobility,algorithm,metric,mean,std,runs
cifar10,community_sparse,local,accuracy,0.8114279493689537,0.0058403297464923835,12
cifar10,community_sparse,local,loss,0.4036198530967037,0.029834037568710125,12
cifar10,community_sparse,local,macro_f1,0.3008549236752048,0.011926037052496634,12
cifar10,community_sparse,oppavg,accuracy,0.8067676693201066,0.008887473148194071,12
cifar10,community_sparse,oppavg,loss,0.47241462591725086,0.03629435178454809,12
cifar10,community_sparse,oppavg,macro_f1,0.31827654764283536,0.009116916670126594,12
cifar10,community_sparse,oppfl,accuracy,0.5950392584909092,0.021222902503637866,11
cifar10,community_sparse,oppfl,loss,1.0085052186340997,0.3083944337283479,11
cifar10,community_sparse,oppfl,macro_f1,0.3170591159776036,0.010722862052858002,11
cifar10,community_sparse,optimist,accuracy,0.6208539240062237,0.019185679102722356,12
cifar10,community_sparse,optimist,loss,1.3009578213095665,0.10557587657242802,12
cifar10,community_sparse,optimist,macro_f1,0.30485652189462503,0.0105511930299655,12
cifar10,community_sparse,pulse,accuracy,0.8257357036074002,0.008167622182914992,12
cifar10,community_sparse,pulse,loss,0.3326118819066323,0.036621271771403056,12
cifar10,community_sparse,pulse,macro_f1,0.3439285670770629,0.014379917714203922,12
cifar10,edge_markov_sparse,local,accuracy,0.8190987311303615,0.01785877652606976,8
cifar10,edge_markov_sparse,local,loss,0.4158988734241575,0.06285275430534353,8
cifar10,edge_markov_sparse,local,macro_f1,0.2909618761708962,0.03166291565481997,8
cifar10,edge_markov_sparse,oppavg,accuracy,0.8028213404119015,0.015951659802674278,8
cifar10,edge_markov_sparse,oppavg,loss,0.540522206419458,0.13602328880065623,8
cifar10,edge_markov_sparse,oppavg,macro_f1,0.31172506438098624,0.028776052948241437,8
cifar10,edge_markov_sparse,oppfl,accuracy,0.5819830442468326,0.009194804008792884,3
cifar10,edge_markov_sparse,oppfl,loss,1.1633118715965087,0.25903365288612146,3
cifar10,edge_markov_sparse,oppfl,macro_f1,0.2888776288346449,0.0154037170666824,3
cifar10,edge_markov_sparse,optimist,accuracy,0.6531816774606705,0.09320806466028406,5
cifar10,edge_markov_sparse,optimist,loss,1.259617444872856,0.45172465124983185,5
cifar10,edge_markov_sparse,optimist,macro_f1,0.2867324251371907,0.06564128182483442,5
cifar10,edge_markov_sparse,pulse,accuracy,0.810407318174839,0.022576488736357658,4
cifar10,edge_markov_sparse,pulse,loss,0.34320455084089185,0.037529190663758365,4
cifar10,edge_markov_sparse,pulse,macro_f1,0.3269040357894794,0.013857510747868097,4
hhar,community_dense,local,accuracy,0.6760298968465239,0.012187009869432533,12
hhar,community_dense,local,loss,0.8775345070494546,0.02035416617255291,12
hhar,community_dense,local,macro_f1,0.6385082797814118,0.014685857054613612,12
hhar,community_dense,oppavg,accuracy,0.6133746874553186,0.007197693331820398,12
hhar,community_dense,oppavg,loss,0.9647735470422992,0.04308932125170148,12
hhar,community_dense,oppavg,macro_f1,0.5568198553887598,0.009002550396172327,12
hhar,community_dense,oppfl,accuracy,0.6504217695306849,0.007165366028304411,12
hhar,community_dense,oppfl,loss,0.9119578958622047,0.07716177997973171,12
hhar,community_dense,oppfl,macro_f1,0.6372443731432708,0.00844638880357837,12
hhar,community_dense,optimist,accuracy,0.7014142970244089,0.007410647304801986,12
hhar,community_dense,optimist,loss,0.860018995590508,0.11574936372916551,12
hhar,community_dense,optimist,macro_f1,0.6896547773644395,0.008986141453706962,12
hhar,community_dense,pulse,accuracy,0.8244961886494249,0.0033975842996956276,12
hhar,community_dense,pulse,loss,0.550819183320359,0.043119859252059196,12
hhar,community_dense,pulse,macro_f1,0.8184836123230124,0.0033799247988199077,12
hhar,community_sparse,local,accuracy,0.6766981217596265,0.013429649847962516,12
hhar,community_sparse,local,loss,0.8910800224101102,0.029497677624508042,12
hhar,community_sparse,local,macro_f1,0.639411433842799,0.016769787044837406,12
hhar,community_sparse,oppavg,accuracy,0.6140096193110501,0.009990144949208902,12
hhar,community_sparse,oppavg,loss,0.9734592294251477,0.04127619550709103,12
hhar,community_sparse,oppavg,macro_f1,0.5570789750001366,0.012781242830633687,12
hhar,community_sparse,oppfl,accuracy,0.538734299717126,0.008691914333315202,12
hhar,community_sparse,oppfl,loss,1.2355471613506477,0.055003070557023956,12
hhar,community_sparse,oppfl,macro_f1,0.5071360253121887,0.012990127547390732,12
hhar,community_sparse,optimist,accuracy,0.6465134565477019,0.009854707395254436,12
hhar,community_sparse,optimist,loss,0.9528762536744276,0.0983056279790755,12
hhar,community_sparse,optimist,macro_f1,0.6299866517978467,0.010614646428471921,12
hhar,community_sparse,pulse,accuracy,0.7698486425258495,0.009019093025419164,12
hhar,community_sparse,pulse,loss,0.7091923616826534,0.04816810270571308,12
hhar,community_sparse,pulse,macro_f1,0.7573871287567967,0.011253298849542966,12
hhar,edge_markov_dense,local,accuracy,0.6753990757796499,0.012597406848521262,12
hhar,edge_markov_dense,local,loss,0.8737545377678342,0.013790683900210515,12
hhar,edge_markov_dense,local,macro_f1,0.6376757166071412,0.015269605736088748,12
hhar,edge_markov_dense,oppavg,accuracy,0.6128548629305981,0.007459730389993249,12
hhar,edge_markov_dense,oppavg,loss,0.9561097718499325,0.024402384261292414,12
hhar,edge_markov_dense,oppavg,macro_f1,0.5549562973465175,0.010085851037259428,12
hhar,edge_markov_dense,oppfl,accuracy,0.6517883373631371,0.007009380142053428,12
hhar,edge_markov_dense,oppfl,loss,0.9366383770392055,0.056832335350295395,12
hhar,edge_markov_dense,oppfl,macro_f1,0.6384940269264517,0.007417307015865175,12
hhar,edge_markov_dense,optimist,accuracy,0.708619056476487,0.004608165860498736,12
hhar,edge_markov_dense,optimist,loss,0.8323440010555916,0.08351564787676007,12
hhar,edge_markov_dense,optimist,macro_f1,0.6987728968020429,0.0042370194332482436,12
hhar,edge_markov_dense,pulse,accuracy,0.8204814907577304,0.0038167979596280123,12
hhar,edge_markov_dense,pulse,loss,0.5763794321704794,0.04316962117663432,12
hhar,edge_markov_dense,pulse,macro_f1,0.8144455819531301,0.0045318540125735725,12
hhar,edge_markov_sparse,local,accuracy,0.6760298968465239,0.012187009869432582,12
hhar,edge_markov_sparse,local,loss,0.8775345070494546,0.020354166172552902,12
hhar,edge_markov_sparse,local,macro_f1,0.6385082797814118,0.014685857054613612,12
hhar,edge_markov_sparse,oppavg,accuracy,0.6132049866848522,0.007243890171877048,12
hhar,edge_markov_sparse,oppavg,loss,0.9665175488701573,0.04194789920432127,12
hhar,edge_markov_sparse,oppavg,macro_f1,0.5535162012876994,0.010618233669821444,12
hhar,edge_markov_sparse,oppfl,accuracy,0.5425349233878983,0.009828562169303003,12
hhar,edge_markov_sparse,oppfl,loss,1.204940252006054,0.11140342783330114,12
hhar,edge_markov_sparse,oppfl,macro_f1,0.5099728577397097,0.012452129219396646,12
hhar,edge_markov_sparse,optimist,accuracy,0.6505424860450957,0.0144569671386419,12
hhar,edge_markov_sparse,optimist,loss,1.0029340460896492,0.08490163521574796,12
hhar,edge_markov_sparse,optimist,macro_f1,0.633259150123826,0.016286641118847905,12
hhar,edge_markov_sparse,pulse,accuracy,0.7622802274094688,0.009363196067970264,12
hhar,edge_markov_sparse,pulse,loss,0.6909467318543681,0.04600756591967768,12
hhar,edge_markov_sparse,pulse,macro_f1,0.7482939078427928,0.011731196292399807,12
hhar,cambridge,local,accuracy,0.8652325040764279,0.00813586992918336,4
hhar,cambridge,local,loss,0.40231215943478876,0.056777039284057466,4
hhar,cambridge,local,macro_f1,0.861937616255488,0.008768513830948338,4
hhar,cambridge,oppavg,accuracy,0.8636715826061037,0.011723561404828869,4
hhar,cambridge,oppavg,loss,0.4106583053556581,0.048460393581403576,4
hhar,cambridge,oppavg,macro_f1,0.8607714434511664,0.011668399640382271,4
hhar,cambridge,oppfl,accuracy,0.5523432923687829,0.009549849227774368,4
hhar,cambridge,oppfl,loss,1.0511527322232723,0.1770199075322904,4
hhar,cambridge,oppfl,macro_f1,0.5164773727086845,0.013341164344796177,4
hhar,cambridge,optimist,accuracy,0.5880113860799207,0.06387265461482679,4
hhar,cambridge,optimist,loss,0.9104620087891817,0.22898808954225205,4
hhar,cambridge,optimist,macro_f1,0.5659937030777394,0.0717404186444419,4
hhar,cambridge,pulse,accuracy,0.8713016692135069,0.008316827540733143,4
hhar,cambridge,pulse,loss,0.3877466825975312,0.034481503601948925,4
hhar,cambridge,pulse,macro_f1,0.8680650605421193,0.008717897651865907,4
sisfall,community_dense,local,accuracy,0.9106507614254952,0.005153929708262432,12
sisfall,community_dense,local,loss,0.19338967251678693,0.03145947473071912,12
sisfall,community_dense,local,macro_f1,0.8074910732363444,0.005359368597868095,12
sisfall,community_dense,oppavg,accuracy,0.908725227912267,0.004316852158904083,12
sisfall,community_dense,oppavg,loss,0.19343011771779853,0.030876594358523315,12
sisfall,community_dense,oppavg,macro_f1,0.8055791068696662,0.004611487922318499,12
sisfall,community_dense,oppfl,accuracy,0.8635989328225454,0.005800772207326374,12
sisfall,community_dense,oppfl,loss,0.2974715288804238,0.06507004720272515,12
sisfall,community_dense,oppfl,macro_f1,0.7623953741674793,0.005474046960767564,12
sisfall,community_dense,optimist,accuracy,0.8449058160185814,0.01066868240636014,12
sisfall,community_dense,optimist,loss,0.4051640788093209,0.04650432118102842,12
sisfall,community_dense,optimist,macro_f1,0.750897532720041,0.006149303928218676,12
sisfall,community_dense,pulse,accuracy,0.9095064178109169,0.0050094874045088595,12
sisfall,community_dense,pulse,loss,0.17737866365811591,0.022573153582266914,12
sisfall,community_dense,pulse,macro_f1,0.8061430971883503,0.005284022387534973,12
sisfall,community_sparse,local,accuracy,0.9105665375789007,0.005108722002215463,12
sisfall,community_sparse,local,loss,0.19290087112070367,0.027858089114051382,12
sisfall,community_sparse,local,macro_f1,0.8072902898505067,0.005326257579337628,12
sisfall,community_sparse,oppavg,accuracy,0.9093778386712074,0.0048566156994953175,12
sisfall,community_sparse,oppavg,loss,0.19418974165455435,0.02805740370210796,12
sisfall,community_sparse,oppavg,macro_f1,0.8061492130388398,0.0051722391848229065,12
sisfall,community_sparse,oppfl,accuracy,0.8433264181017875,0.003390143849945248,12
sisfall,community_sparse,oppfl,loss,0.35258794694931966,0.10586014108880319,12
sisfall,community_sparse,oppfl,macro_f1,0.7402243523897359,0.003625187324733665,12
sisfall,community_sparse,optimist,accuracy,0.8383260518312454,0.008730796144964347,12
sisfall,community_sparse,optimist,loss,0.3958847583271563,0.05584238814691267,12
sisfall,community_sparse,optimist,macro_f1,0.7425404340388136,0.008787190650592719,12
sisfall,community_sparse,pulse,accuracy,0.9077768926819165,0.0035898378203785084,12
sisfall,community_sparse,pulse,loss,0.20868795503283757,0.04604758347153887,12
sisfall,community_sparse,pulse,macro_f1,0.804571512651855,0.003611471004359311,12
sisfall,edge_markov_dense,local,accuracy,0.9106507614254952,0.005153929708262432,12
sisfall,edge_markov_dense,local,loss,0.19338967251678693,0.03145947473071912,12
sisfall,edge_markov_dense,local,macro_f1,0.8074910732363444,0.005359368597868095,12
sisfall,edge_markov_dense,oppavg,accuracy,0.9092522119482358,0.004434695384668608,12
sisfall,edge_markov_dense,oppavg,loss,0.1934005379300894,0.03075401875659972,12
sisfall,edge_markov_dense,oppavg,macro_f1,0.8060831417871542,0.004725341681449985,12
sisfall,edge_markov_dense,oppfl,accuracy,0.8618482542037963,0.011143988505626803,10
sisfall,edge_markov_dense,oppfl,loss,0.29167654995858483,0.06865242621555473,10
sisfall,edge_markov_dense,oppfl,macro_f1,0.7592984851800519,0.011134541108993434,10
sisfall,edge_markov_dense,optimist,accuracy,0.8534456541140875,0.009266277730291903,12
sisfall,edge_markov_dense,optimist,loss,0.38523708263205153,0.06621330192528167,12
sisfall,edge_markov_dense,optimist,macro_f1,0.7547707949928726,0.00824996658264446,12
sisfall,edge_markov_dense,pulse,accuracy,0.9096626808245977,0.004359202401602467,12
sisfall,edge_markov_dense,pulse,loss,0.18176939545313262,0.027842335691474956,12
sisfall,edge_markov_dense,pulse,macro_f1,0.8064812671563716,0.004574654094087272,12
sisfall,edge_markov_sparse,local,accuracy,0.9106507614254952,0.005153929708262432,12
sisfall,edge_markov_sparse,local,loss,0.19338967251678693,0.03145947473071912,12
sisfall,edge_markov_sparse,local,macro_f1,0.8074910732363444,0.005359368597868095,12
sisfall,edge_markov_sparse,oppavg,accuracy,0.9091526105999946,0.004179596744740776,12
sisfall,edge_markov_sparse,oppavg,loss,0.19421436267196743,0.03149227342170843,12
sisfall,edge_markov_sparse,oppavg,macro_f1,0.8060160117025402,0.004482675716271437,12
sisfall,edge_markov_sparse,oppfl,accuracy,0.8433415556947391,0.004434091608069375,12
sisfall,edge_markov_sparse,oppfl,loss,0.2810829530547683,0.15328971321381085,12
sisfall,edge_markov_sparse,oppfl,macro_f1,0.7399981030089902,0.004624221126927748,12
sisfall,edge_markov_sparse,optimist,accuracy,0.8526397123932838,0.009914486867608662,12
sisfall,edge_markov_sparse,optimist,loss,0.3590199655542771,0.09823498817932853,12
sisfall,edge_markov_sparse,optimist,macro_f1,0.7489686521776863,0.00715582682836234,12
sisfall,edge_markov_sparse,pulse,accuracy,0.9097899600863456,0.006159088687670128,12
sisfall,edge_markov_sparse,pulse,loss,0.19571168569624808,0.041224831327666224,12
sisfall,edge_markov_sparse,pulse,macro_f1,0.8064631584189689,0.005955375599117698,12
sisfall,cambridge,local,accuracy,0.921441701054573,0.0072612105258755295,4
sisfall,cambridge,local,loss,0.08666354913166283,0.030136406822386518,4
sisfall,cambridge,local,macro_f1,0.8192283658640247,0.007570036204902111,4
sisfall,cambridge,oppavg,accuracy,0.9211798056960105,0.006431487926976215,4
sisfall,cambridge,oppavg,loss,0.09065489571403301,0.02951968990159683,4
sisfall,cambridge,oppavg,macro_f1,0.8187777192697577,0.006884987722932857,4
sisfall,cambridge,oppfl,accuracy,0.8472426414489747,0.005545271356141589,4
sisfall,cambridge,oppfl,loss,0.19925210904330015,0.11002934514888,4
sisfall,cambridge,oppfl,macro_f1,0.7436970280844759,0.004533285313192778,4
sisfall,cambridge,optimist,accuracy,0.8365855842828751,0.00946894700865721,4
sisfall,cambridge,optimist,loss,0.30668081622570753,0.06339731814222697,4
sisfall,cambridge,optimist,macro_f1,0.7392786272387595,0.00811167109734579,4
sisfall,cambridge,pulse,accuracy,0.9197046041488648,0.004181016034457027,4
sisfall,cambridge,pulse,loss,0.07728137352669359,0.010825797317594416,4
sisfall,cambridge,pulse,macro_f1,0.8172511924962719,0.004550260307960383,4
wesad,community_dense,local,accuracy,0.9454545557498931,0.011629130329608602,12
wesad,community_dense,local,loss,0.10137833196204153,0.017190868678432284,12
wesad,community_dense,local,macro_f1,0.8663148888148888,0.0367529412326698,12
wesad,community_dense,oppavg,accuracy,0.931818191210429,0.008223033021549262,12
wesad,community_dense,oppavg,loss,0.08655585981129355,0.01040604923324167,12
wesad,community_dense,oppavg,macro_f1,0.8477728317434199,0.01695905763598433,12
wesad,community_dense,oppfl,accuracy,0.8636363732318083,0.03510208366973083,12
wesad,community_dense,oppfl,loss,0.20709316049933904,0.035948785764794024,12
wesad,community_dense,oppfl,macro_f1,0.7463056447002526,0.047381078746412945,12
wesad,community_dense,optimist,accuracy,0.8750000076989334,0.02929807424634404,12
wesad,community_dense,optimist,loss,0.19919486294707486,0.033341167484560716,12
wesad,community_dense,optimist,macro_f1,0.7715553072706065,0.04256466894611514,12
wesad,community_dense,pulse,accuracy,0.9484848588705063,0.019510666813709106,12
wesad,community_dense,pulse,loss,0.03827414210706285,0.03232497116948836,12
wesad,community_dense,pulse,macro_f1,0.8830306113639447,0.03682367399979765,12
wesad,community_sparse,local,accuracy,0.9431818281610806,0.011049374460578396,12
wesad,community_sparse,local,loss,0.11005498273686191,0.027002065189693995,12
wesad,community_sparse,local,macro_f1,0.8618016732722614,0.035448340260531605,12
wesad,community_sparse,oppavg,accuracy,0.9325757662455242,0.00905640480245423,12
wesad,community_sparse,oppavg,loss,0.0965572546779488,0.02489137354307981,12
wesad,community_sparse,oppavg,macro_f1,0.8459710251622016,0.01818410736507,12
wesad,community_sparse,oppfl,accuracy,0.8272727350393931,0.031729510461142654,12
wesad,community_sparse,oppfl,loss,0.454770819697943,0.09466871874270177,12
wesad,community_sparse,oppfl,macro_f1,0.6561039305647148,0.05174707991849844,12
wesad,community_sparse,optimist,accuracy,0.8606060716013113,0.03084907627989973,12
wesad,community_sparse,optimist,loss,0.337566494786491,0.054383570071860066,12
wesad,community_sparse,optimist,macro_f1,0.7564350621381065,0.034126756709223924,12
wesad,community_sparse,pulse,accuracy,0.946212130288283,0.009851133506384752,12
wesad,community_sparse,pulse,loss,0.061643975232921804,0.028813596273218816,12
wesad,community_sparse,pulse,macro_f1,0.8723202596241811,0.03535303286980258,12
wesad,edge_markov_dense,local,accuracy,0.9454545557498931,0.011629130329608602,12
wesad,edge_markov_dense,local,loss,0.10137833196204153,0.017190868678432284,12
wesad,edge_markov_dense,local,macro_f1,0.8663148888148888,0.0367529412326698,12
wesad,edge_markov_dense,oppavg,accuracy,0.9303030396501223,0.009755331934070334,12
wesad,edge_markov_dense,oppavg,loss,0.08668193150078873,0.010376808209635028,12
wesad,edge_markov_dense,oppavg,macro_f1,0.8447432714344479,0.01570331549758531,12
wesad,edge_markov_dense,oppfl,accuracy,0.8712121292948724,0.0326245701860952,12
wesad,edge_markov_dense,oppfl,loss,0.2537389568345148,0.04283200053815708,12
wesad,edge_markov_dense,oppfl,macro_f1,0.7546192551094512,0.05436826440531814,12
wesad,edge_markov_dense,optimist,accuracy,0.8772727380196254,0.031610894501182735,12
wesad,edge_markov_dense,optimist,loss,0.18483780231326816,0.028582395668726883,12
wesad,edge_markov_dense,optimist,macro_f1,0.7686848622510386,0.03653935132075652,12
wesad,edge_markov_dense,pulse,accuracy,0.950757585465908,0.01192156445746975,12
wesad,edge_markov_dense,pulse,loss,0.04055179029310233,0.019591054065688906,12
wesad,edge_markov_dense,pulse,macro_f1,0.884656516323183,0.037775581015170416,12
wesad,edge_markov_sparse,local,accuracy,0.9454545557498931,0.011629130329608602,12
wesad,edge_markov_sparse,local,loss,0.10137833196204153,0.017190868678432284,12
wesad,edge_markov_sparse,local,macro_f1,0.8663148888148888,0.0367529412326698,12
wesad,edge_markov_sparse,oppavg,accuracy,0.9356060713529587,0.012535946873222998,12
wesad,edge_markov_sparse,oppavg,loss,0.09057810522693516,0.01136639720946484,12
wesad,edge_markov_sparse,oppavg,macro_f1,0.8549910737410737,0.02951491786817443,12
wesad,edge_markov_sparse,oppfl,accuracy,0.8272727385163307,0.025121794306739983,12
wesad,edge_markov_sparse,oppfl,loss,0.45265710974733037,0.1255997588047131,12
wesad,edge_markov_sparse,oppfl,macro_f1,0.6557388367805034,0.054075424013571724,12
wesad,edge_markov_sparse,optimist,accuracy,0.8598484958211582,0.03367282964545554,12
wesad,edge_markov_sparse,optimist,loss,0.2890520606500407,0.08753049294160244,12
wesad,edge_markov_sparse,optimist,macro_f1,0.7464877437807004,0.039449138731440105,12
wesad,edge_markov_sparse,pulse,accuracy,0.9492424329121908,0.014739580348062097,12
wesad,edge_markov_sparse,pulse,loss,0.05193662553259245,0.013556067448382284,12
wesad,edge_markov_sparse,pulse,macro_f1,0.8767703465742681,0.05879706763635339,12
wesad,cambridge,local,accuracy,0.9750000044703484,0.008703883316576906,4
wesad,cambridge,local,loss,0.0039817869144826,0.0016316098704228683,4
wesad,cambridge,local,macro_f1,0.9208775483775483,0.03380173628154967,4
wesad,cambridge,oppavg,accuracy,0.9727272778749466,0.007422696411466023,4
wesad,cambridge,oppavg,loss,0.00345576057411558,0.0018648819357558026,4
wesad,cambridge,oppavg,macro_f1,0.9166976541976541,0.028806101697041866,4
wesad,cambridge,oppfl,accuracy,0.8386363729834556,0.04351941035738174,4
wesad,cambridge,oppfl,loss,0.2936760918237269,0.16895852329200628,4
wesad,cambridge,oppfl,macro_f1,0.6927034784387726,0.01973992035332974,4
wesad,cambridge,optimist,accuracy,0.8568181857466698,0.03350506454611481,4
wesad,cambridge,optimist,loss,0.16371016320772463,0.15750752611615668,4
wesad,cambridge,optimist,macro_f1,0.7663551726051726,0.040800724145012054,4
wesad,cambridge,pulse,accuracy,0.968181824684143,0.011736312750602322,4
wesad,cambridge,pulse,loss,0.006557465985679245,0.0030141013180913358,4
wesad,cambridge,pulse,macro_f1,0.9114719158836806,0.03929341604834678,4
