time,node1,node2
0,trace_0,trace_7
0,trace_4,trace_7
0,trace_5,trace_8
20,trace_0,trace_7
20,trace_5,trace_8
40,trace_0,trace_7
40,trace_5,trace_8
60,trace_0,trace_7
60,trace_5,trace_8
80,trace_0,trace_7
80,trace_5,trace_8
100,trace_0,trace_7
100,trace_5,trace_8
120,trace_0,trace_7
120,trace_5,trace_8
140,trace_0,trace_7
160,trace_0,trace_7
260,trace_5,trace_8
280,trace_5,trace_8
300,trace_5,trace_8
320,trace_5,trace_8
340,trace_5,trace_8
360,trace_5,trace_8
380,trace_5,trace_8
720,trace_0,trace_3
740,trace_0,trace_3
940,trace_0,trace_5
960,trace_0,trace_5
980,trace_0,trace_5
1000,trace_0,trace_5
1020,trace_0,trace_5
1040,trace_0,trace_5
1060,trace_0,trace_5
1080,trace_0,trace_5
1100,trace_0,trace_5
1120,trace_0,trace_5
1140,trace_0,trace_5
1160,trace_0,trace_5
1180,trace_0,trace_5
1180,trace_6,trace_7
1200,trace_0,trace_5
1200,trace_6,trace_7
1220,trace_0,trace_5
1220,trace_6,trace_7
1240,trace_0,trace_5
1240,trace_6,trace_7
1260,trace_0,trace_5
1260,trace_6,trace_7
1280,trace_0,trace_5
1280,trace_6,trace_7
1300,trace_0,trace_5
1300,trace_6,trace_7
1320,trace_0,trace_5
1320,trace_6,trace_7
1340,trace_0,trace_5
1340,trace_6,trace_7
1360,trace_0,trace_5
1360,trace_6,trace_7
1380,trace_0,trace_5
1380,trace_6,trace_7
1400,trace_0,trace_5
1400,trace_1,trace_3
1400,trace_6,trace_7
1420,trace_0,trace_5
1420,trace_1,trace_3
1420,trace_6,trace_7
1440,trace_0,trace_5
1440,trace_1,trace_3
1440,trace_6,trace_7
1460,trace_0,trace_5
1460,trace_6,trace_7
1480,trace_6,trace_7
1500,trace_6,trace_7
1520,trace_6,trace_7
1540,trace_6,trace_7
1560,trace_6,trace_7
2740,trace_0,trace_5
2760,trace_0,trace_5
2780,trace_0,trace_5
2800,trace_0,trace_5
2800,trace_2,trace_6
2820,trace_0,trace_5
2820,trace_2,trace_6
2840,trace_0,trace_5
2840,trace_2,trace_6
2860,trace_0,trace_5
2860,trace_2,trace_6
2880,trace_0,trace_5
2880,trace_2,trace_6
2900,trace_0,trace_5
2900,trace_2,trace_6
2920,trace_0,trace_5
2920,trace_2,trace_6
2940,trace_0,trace_5
2940,trace_2,trace_6
2960,trace_0,trace_5
2960,trace_2,trace_6
2980,trace_0,trace_5
3000,trace_0,trace_5
3020,trace_0,trace_5
3040,trace_0,trace_5
3060,trace_0,trace_5
3080,trace_0,trace_5
3080,trace_3,trace_9
3080,trace_7,trace_9
3100,trace_0,trace_5
3100,trace_3,trace_9
3100,trace_7,trace_9
3120,trace_0,trace_5
3120,trace_7,trace_9
3140,trace_0,trace_5
3140,trace_7,trace_9
3160,trace_7,trace_9
3180,trace_7,trace_9
3200,trace_7,trace_9
3220,trace_7,trace_9
3240,trace_7,trace_9
3260,trace_3,trace_4
3300,trace_0,trace_5
3600,trace_1,trace_7
3620,trace_1,trace_7
3640,trace_1,trace_7
3660,trace_1,trace_7
3680,trace_1,trace_7
3700,trace_1,trace_7
3720,trace_1,trace_7
3740,trace_1,trace_7
3880,trace_1,trace_6
3900,trace_1,trace_6
3920,trace_1,trace_6
3940,trace_1,trace_6
3960,trace_1,trace_6
3980,trace_1,trace_6
4000,trace_1,trace_6
4020,trace_1,trace_6
4040,trace_1,trace_6
4040,trace_4,trace_6
4060,trace_1,trace_6
4060,trace_4,trace_6
4080,trace_1,trace_6
4080,trace_4,trace_6
4100,trace_1,trace_6
4100,trace_3,trace_9
4100,trace_4,trace_6
4120,trace_1,trace_6
4120,trace_3,trace_9
4140,trace_1,trace_6
4180,trace_1,trace_2
4200,trace_1,trace_2
4220,trace_1,trace_2
4340,trace_3,trace_8
4360,trace_3,trace_8
4380,trace_3,trace_8
4400,trace_3,trace_8
4420,trace_3,trace_8
4440,trace_3,trace_8
4460,trace_3,trace_8
4480,trace_3,trace_8
4500,trace_3,trace_8
4520,trace_3,trace_8
4540,trace_3,trace_8
4560,trace_3,trace_8
4580,trace_3,trace_8
4600,trace_3,trace_8
4620,trace_3,trace_8
4640,trace_3,trace_8
4660,trace_3,trace_8
4680,trace_3,trace_8
4700,trace_3,trace_8
4720,trace_3,trace_8
4740,trace_3,trace_8
4760,trace_3,trace_8
4780,trace_3,trace_8
4800,trace_3,trace_8
4820,trace_3,trace_8
4840,trace_3,trace_8
4860,trace_3,trace_8
4880,trace_3,trace_8
4900,trace_3,trace_8
4920,trace_3,trace_8
4940,trace_3,trace_8
4960,trace_3,trace_8
4980,trace_1,trace_8
5000,trace_1,trace_8
5020,trace_1,trace_8
5500,trace_2,trace_7
5960,trace_2,trace_3
5980,trace_2,trace_3
6000,trace_2,trace_3
6020,trace_2,trace_3
6040,trace_2,trace_3
6060,trace_2,trace_3
6080,trace_2,trace_3
6100,trace_2,trace_3
6120,trace_2,trace_3
6140,trace_0,trace_7
6140,trace_0,trace_8
6140,trace_2,trace_3
6160,trace_0,trace_7
6160,trace_0,trace_8
6160,trace_2,trace_3
6180,trace_0,trace_7
6180,trace_0,trace_8
6180,trace_2,trace_3
6200,trace_0,trace_7
6200,trace_0,trace_8
6200,trace_2,trace_3
6220,trace_0,trace_7
6220,trace_0,trace_8
6220,trace_2,trace_3
6220,trace_3,trace_5
6240,trace_0,trace_7
6240,trace_0,trace_8
6240,trace_2,trace_3
6240,trace_3,trace_5
6260,trace_0,trace_7
6260,trace_0,trace_8
6260,trace_3,trace_5
6280,trace_0,trace_8
6280,trace_3,trace_5
6300,trace_0,trace_8
6300,trace_3,trace_5
6320,trace_0,trace_8
6320,trace_3,trace_5
6340,trace_0,trace_8
6340,trace_3,trace_5
6360,trace_0,trace_8
6380,trace_0,trace_8
6400,trace_0,trace_8
6400,trace_2,trace_4
6420,trace_2,trace_4
6440,trace_2,trace_4
6460,trace_2,trace_4
6480,trace_2,trace_4
6500,trace_2,trace_4
6520,trace_2,trace_4
6540,trace_2,trace_4
6560,trace_2,trace_4
6580,trace_2,trace_4
6700,trace_7,trace_9
6720,trace_7,trace_9
6740,trace_2,trace_8
6740,trace_7,trace_9
6760,trace_2,trace_8
6760,trace_7,trace_9
6780,trace_2,trace_8
6780,trace_7,trace_9
6800,trace_2,trace_8
6800,trace_7,trace_9
6820,trace_2,trace_8
6820,trace_6,trace_7
6820,trace_7,trace_9
6840,trace_2,trace_8
6840,trace_6,trace_7
6840,trace_7,trace_9
6860,trace_2,trace_8
6860,trace_3,trace_9
6860,trace_6,trace_7
6860,trace_7,trace_9
6880,trace_2,trace_8
6880,trace_3,trace_9
6880,trace_7,trace_9
6900,trace_2,trace_8
6900,trace_3,trace_9
6900,trace_7,trace_9
6920,trace_2,trace_8
6920,trace_3,trace_9
6920,trace_7,trace_9
6940,trace_2,trace_8
6940,trace_3,trace_9
6940,trace_7,trace_9
6960,trace_3,trace_9
6960,trace_7,trace_9
6980,trace_3,trace_9
6980,trace_7,trace_9
7000,trace_3,trace_9
7000,trace_7,trace_9
7020,trace_3,trace_9
7020,trace_7,trace_9
7040,trace_3,trace_9
7040,trace_7,trace_9
7060,trace_3,trace_9
7060,trace_7,trace_9
7080,trace_3,trace_9
7080,trace_7,trace_9
7100,trace_7,trace_9
7120,trace_7,trace_9
7140,trace_7,trace_9
7160,trace_7,trace_9
7180,trace_7,trace_9
7200,trace_7,trace_9
7220,trace_7,trace_9
7240,trace_7,trace_9
7260,trace_7,trace_9
7280,trace_1,trace_3
7280,trace_7,trace_9
7300,trace_1,trace_3
7300,trace_7,trace_9
7320,trace_1,trace_3
7320,trace_7,trace_9
7340,trace_1,trace_3
7340,trace_7,trace_9
7360,trace_1,trace_3
7360,trace_7,trace_9
7380,trace_1,trace_3
7400,trace_1,trace_3
7420,trace_1,trace_3
7440,trace_1,trace_3
7460,trace_1,trace_3
7560,trace_3,trace_9
7580,trace_3,trace_9
7600,trace_3,trace_9
7620,trace_2,trace_8
7620,trace_3,trace_9
7640,trace_2,trace_8
7640,trace_3,trace_9
7660,trace_0,trace_8
7660,trace_2,trace_8
7660,trace_3,trace_9
7680,trace_0,trace_8
7680,trace_2,trace_8
7680,trace_3,trace_9
7700,trace_0,trace_8
7700,trace_3,trace_9
7720,trace_0,trace_8
7720,trace_3,trace_9
7720,trace_4,trace_9
7740,trace_0,trace_8
7740,trace_3,trace_9
7740,trace_4,trace_9
7760,trace_0,trace_8
7760,trace_4,trace_9
7780,trace_0,trace_8
7780,trace_4,trace_9
7800,trace_0,trace_8
7800,trace_4,trace_9
7820,trace_0,trace_8
7820,trace_4,trace_9
7840,trace_0,trace_8
7840,trace_4,trace_9
7860,trace_0,trace_8
7860,trace_4,trace_9
7880,trace_0,trace_8
7880,trace_4,trace_9
7900,trace_0,trace_8
7900,trace_4,trace_9
7920,trace_0,trace_8
7920,trace_4,trace_9
7940,trace_0,trace_8
7940,trace_4,trace_9
7960,trace_0,trace_8
7960,trace_4,trace_9
7980,trace_0,trace_8
7980,trace_4,trace_9
8000,trace_0,trace_8
8000,trace_4,trace_9
8020,trace_4,trace_9
8040,trace_4,trace_9
8060,trace_4,trace_9
8080,trace_4,trace_9
8100,trace_4,trace_9
8300,trace_3,trace_9
8320,trace_3,trace_9
8340,trace_3,trace_9
8360,trace_1,trace_7
8360,trace_3,trace_9
8380,trace_1,trace_7
8380,trace_3,trace_9
8400,trace_1,trace_7
8400,trace_3,trace_9
8400,trace_4,trace_7
8420,trace_1,trace_7
8420,trace_3,trace_9
8420,trace_4,trace_7
8440,trace_1,trace_7
8440,trace_3,trace_9
8460,trace_1,trace_7
8460,trace_3,trace_9
8480,trace_1,trace_7
8480,trace_3,trace_9
8500,trace_1,trace_7
8520,trace_1,trace_7
8540,trace_1,trace_7
8560,trace_1,trace_7
8580,trace_1,trace_7
8600,trace_1,trace_7
8620,trace_1,trace_7
8640,trace_1,trace_7
8660,trace_1,trace_7
8680,trace_1,trace_7
8680,trace_2,trace_8
8700,trace_2,trace_8
8720,trace_2,trace_8
8740,trace_2,trace_8
8760,trace_2,trace_8
8760,trace_2,trace_9
8780,trace_2,trace_8
8780,trace_2,trace_9
8800,trace_2,trace_8
8800,trace_2,trace_9
8820,trace_2,trace_8
8820,trace_2,trace_9
8840,trace_2,trace_8
8860,trace_2,trace_8
8960,trace_0,trace_3
8980,trace_0,trace_3
9000,trace_0,trace_3
9020,trace_0,trace_3
9040,trace_0,trace_3
9060,trace_0,trace_3
9080,trace_0,trace_3
9100,trace_0,trace_3
9120,trace_0,trace_3
9140,trace_0,trace_3
9160,trace_0,trace_3
9180,trace_0,trace_3
9200,trace_0,trace_3
9220,trace_0,trace_3
9240,trace_0,trace_3
9260,trace_0,trace_3
9280,trace_0,trace_3
9300,trace_0,trace_3
9320,trace_0,trace_3
9320,trace_2,trace_7
9340,trace_0,trace_3
9340,trace_3,trace_4
9360,trace_0,trace_3
9360,trace_3,trace_4
9380,trace_0,trace_3
9380,trace_3,trace_4
9400,trace_0,trace_3
9400,trace_3,trace_4
9420,trace_0,trace_3
9420,trace_3,trace_4
9440,trace_0,trace_3
9460,trace_0,trace_3
9460,trace_5,trace_7
9480,trace_0,trace_3
9500,trace_0,trace_3
9520,trace_0,trace_3
9540,trace_0,trace_3
9560,trace_0,trace_3
9580,trace_0,trace_3
9580,trace_5,trace_6
9600,trace_5,trace_6
9660,trace_1,trace_9
9680,trace_1,trace_9
9860,trace_3,trace_6
9880,trace_3,trace_6
9880,trace_6,trace_8
9900,trace_3,trace_6
9900,trace_6,trace_8
9920,trace_3,trace_6
9920,trace_6,trace_8
9940,trace_3,trace_6
9940,trace_6,trace_8
9960,trace_3,trace_6
9960,trace_6,trace_8
9980,trace_3,trace_6
9980,trace_6,trace_8
10000,trace_3,trace_6
10000,trace_6,trace_8
10020,trace_3,trace_6
10020,trace_6,trace_8
10040,trace_3,trace_6
10040,trace_6,trace_8
10060,trace_3,trace_6
10060,trace_6,trace_8
10080,trace_3,trace_6
10080,trace_6,trace_8
10100,trace_3,trace_6
10100,trace_6,trace_8
10120,trace_3,trace_6
10120,trace_6,trace_8
10140,trace_3,trace_6
10140,trace_6,trace_8
10160,trace_3,trace_6
10180,trace_3,trace_6
10200,trace_3,trace_6
10220,trace_3,trace_6
10240,trace_3,trace_6
10260,trace_3,trace_6
10280,trace_3,trace_6
10300,trace_3,trace_6
10320,trace_3,trace_6
10340,trace_3,trace_6
10360,trace_3,trace_6
10380,trace_2,trace_9
10400,trace_2,trace_9
10420,trace_2,trace_9
10440,trace_2,trace_9
10620,trace_2,trace_3
10640,trace_2,trace_3
10660,trace_2,trace_3
11100,trace_1,trace_8
11120,trace_1,trace_8
11200,trace_2,trace_7
11220,trace_2,trace_7
11380,trace_5,trace_8
11520,trace_4,trace_6
11540,trace_4,trace_6
11560,trace_4,trace_6
11580,trace_8,trace_9
11600,trace_8,trace_9
11620,trace_7,trace_8
11620,trace_8,trace_9
11640,trace_7,trace_8
11640,trace_8,trace_9
11660,trace_7,trace_8
11660,trace_8,trace_9
11680,trace_7,trace_8
11680,trace_8,trace_9
11700,trace_7,trace_8
11700,trace_8,trace_9
11720,trace_7,trace_8
11720,trace_8,trace_9
11740,trace_7,trace_8
11760,trace_7,trace_8
11780,trace_7,trace_8
11800,trace_7,trace_8
12220,trace_0,trace_4
12240,trace_0,trace_4
12260,trace_0,trace_4
12280,trace_0,trace_4
12300,trace_0,trace_4
12300,trace_3,trace_9
12320,trace_0,trace_4
12320,trace_3,trace_9
12340,trace_3,trace_9
12340,trace_6,trace_7
12360,trace_3,trace_9
12360,trace_6,trace_7
12380,trace_4,trace_6
12400,trace_4,trace_6
12420,trace_4,trace_6
12440,trace_0,trace_8
12440,trace_4,trace_6
12460,trace_0,trace_8
12460,trace_4,trace_6
12480,trace_0,trace_8
12480,trace_4,trace_6
12500,trace_0,trace_8
12500,trace_4,trace_6
12520,trace_0,trace_8
12520,trace_4,trace_6
12540,trace_0,trace_8
12540,trace_4,trace_6
12560,trace_0,trace_8
12560,trace_4,trace_6
12580,trace_0,trace_8
12580,trace_4,trace_6
12600,trace_0,trace_8
12600,trace_4,trace_6
12620,trace_0,trace_8
12620,trace_4,trace_6
12640,trace_0,trace_8
12640,trace_4,trace_6
12660,trace_0,trace_8
12660,trace_4,trace_6
12680,trace_0,trace_8
12680,trace_4,trace_6
12700,trace_0,trace_8
12700,trace_4,trace_6
12720,trace_0,trace_8
12720,trace_2,trace_4
12720,trace_4,trace_6
12740,trace_0,trace_8
12740,trace_2,trace_4
12740,trace_4,trace_6
12760,trace_0,trace_8
12760,trace_2,trace_4
12760,trace_4,trace_6
12780,trace_0,trace_8
12780,trace_2,trace_4
12780,trace_4,trace_6
12800,trace_0,trace_8
12800,trace_2,trace_4
12800,trace_4,trace_6
12820,trace_0,trace_8
12820,trace_2,trace_4
12820,trace_4,trace_6
12840,trace_0,trace_8
12840,trace_2,trace_4
12840,trace_4,trace_6
12860,trace_0,trace_8
12860,trace_2,trace_4
12860,trace_4,trace_6
12880,trace_0,trace_8
12880,trace_4,trace_6
12960,trace_0,trace_8
12980,trace_0,trace_8
13000,trace_0,trace_8
13020,trace_0,trace_8
13460,trace_1,trace_4
13480,trace_1,trace_4
13480,trace_2,trace_6
13500,trace_1,trace_4
13500,trace_2,trace_6
13520,trace_1,trace_4
13520,trace_2,trace_6
13540,trace_0,trace_4
13540,trace_1,trace_4
13540,trace_2,trace_6
13540,trace_4,trace_8
13560,trace_0,trace_4
13560,trace_2,trace_6
13560,trace_4,trace_8
13580,trace_2,trace_6
13580,trace_4,trace_8
13600,trace_2,trace_6
13600,trace_4,trace_8
13620,trace_2,trace_6
13620,trace_4,trace_8
13640,trace_2,trace_6
13640,trace_4,trace_8
13660,trace_2,trace_6
13660,trace_4,trace_8
13680,trace_2,trace_6
13680,trace_4,trace_8
13700,trace_2,trace_6
13700,trace_4,trace_8
13720,trace_4,trace_8
13740,trace_4,trace_8
13760,trace_4,trace_8
13780,trace_4,trace_8
13800,trace_3,trace_6
13800,trace_4,trace_8
13820,trace_3,trace_6
13820,trace_4,trace_8
13840,trace_3,trace_6
13840,trace_4,trace_8
13860,trace_3,trace_6
13860,trace_4,trace_8
13880,trace_4,trace_8
13900,trace_4,trace_8
13920,trace_4,trace_8
14080,trace_0,trace_5
14100,trace_0,trace_5
14120,trace_0,trace_5
14140,trace_0,trace_5
14160,trace_0,trace_5
14180,trace_0,trace_5
14180,trace_1,trace_9
14200,trace_0,trace_5
14200,trace_1,trace_9
14220,trace_0,trace_5
14220,trace_1,trace_9
14240,trace_0,trace_5
14260,trace_0,trace_5
14280,trace_0,trace_5
14300,trace_0,trace_5
14320,trace_0,trace_5
14340,trace_0,trace_5
14360,trace_0,trace_5
14380,trace_0,trace_5
14400,trace_0,trace_5
14420,trace_0,trace_5
14440,trace_0,trace_5
14460,trace_0,trace_5
14480,trace_0,trace_5
14500,trace_0,trace_5
14520,trace_0,trace_5
14640,trace_3,trace_4
14660,trace_3,trace_4
14940,trace_7,trace_9
14960,trace_7,trace_9
14980,trace_7,trace_9
15260,trace_0,trace_4
15260,trace_4,trace_7
15280,trace_0,trace_4
15280,trace_4,trace_7
15300,trace_0,trace_4
15300,trace_4,trace_7
15320,trace_0,trace_4
15320,trace_4,trace_7
15340,trace_4,trace_7
15360,trace_4,trace_7
15600,trace_2,trace_4
15620,trace_2,trace_4
15640,trace_2,trace_4
15760,trace_3,trace_7
15780,trace_3,trace_7
15800,trace_3,trace_7
15820,trace_3,trace_7
15840,trace_3,trace_7
15860,trace_3,trace_7
15880,trace_3,trace_7
15900,trace_3,trace_7
15920,trace_3,trace_7
16000,trace_0,trace_2
16020,trace_0,trace_2
16020,trace_3,trace_5
16040,trace_0,trace_2
16040,trace_3,trace_5
16060,trace_0,trace_2
16060,trace_3,trace_5
16080,trace_0,trace_2
16080,trace_3,trace_5
16100,trace_0,trace_2
16100,trace_3,trace_5
16120,trace_0,trace_2
16120,trace_3,trace_5
16140,trace_0,trace_2
16140,trace_3,trace_5
16160,trace_0,trace_2
16160,trace_3,trace_5
16180,trace_0,trace_2
16180,trace_3,trace_5
16200,trace_0,trace_2
16200,trace_3,trace_5
16220,trace_0,trace_2
16220,trace_3,trace_5
16240,trace_3,trace_5
16260,trace_3,trace_5
16620,trace_0,trace_1
16640,trace_0,trace_1
16660,trace_0,trace_1
16680,trace_0,trace_1
16700,trace_0,trace_1
16720,trace_0,trace_1
16740,trace_0,trace_1
16760,trace_0,trace_1
16760,trace_4,trace_9
16780,trace_0,trace_1
16780,trace_4,trace_9
16800,trace_0,trace_1
16800,trace_4,trace_9
16820,trace_0,trace_1
16820,trace_4,trace_9
16840,trace_0,trace_1
16840,trace_4,trace_9
16860,trace_0,trace_1
16860,trace_4,trace_9
16880,trace_0,trace_1
16880,trace_2,trace_3
16880,trace_4,trace_9
16900,trace_2,trace_3
16920,trace_2,trace_3
16940,trace_2,trace_3
16960,trace_2,trace_3
16980,trace_2,trace_3
17000,trace_0,trace_9
17000,trace_2,trace_3
17020,trace_0,trace_9
17020,trace_2,trace_3
17040,trace_0,trace_9
17040,trace_2,trace_3
17060,trace_2,trace_3
17360,trace_0,trace_9
17380,trace_0,trace_9
17400,trace_0,trace_9
17420,trace_0,trace_9
17440,trace_0,trace_9
17440,trace_3,trace_9
17460,trace_0,trace_9
17460,trace_1,trace_3
17460,trace_3,trace_9
17480,trace_0,trace_9
17480,trace_1,trace_3
17480,trace_3,trace_9
17500,trace_0,trace_9
17500,trace_1,trace_3
17500,trace_3,trace_9
17520,trace_0,trace_8
17520,trace_0,trace_9
17520,trace_1,trace_3
17520,trace_3,trace_9
17520,trace_4,trace_5
17540,trace_0,trace_8
17540,trace_0,trace_9
17540,trace_1,trace_3
17540,trace_3,trace_9
17540,trace_4,trace_5
17560,trace_0,trace_8
17560,trace_0,trace_9
17560,trace_3,trace_9
17560,trace_4,trace_5
17580,trace_0,trace_8
17580,trace_0,trace_9
17580,trace_3,trace_9
17580,trace_4,trace_5
17600,trace_0,trace_8
17600,trace_0,trace_9
17600,trace_3,trace_9
17600,trace_4,trace_5
17620,trace_0,trace_8
17620,trace_3,trace_9
17620,trace_4,trace_5
17640,trace_0,trace_8
17640,trace_3,trace_9
17640,trace_4,trace_5
17660,trace_0,trace_8
17660,trace_4,trace_5
17680,trace_0,trace_8
17680,trace_4,trace_5
17700,trace_0,trace_8
17700,trace_4,trace_5
17720,trace_0,trace_8
17720,trace_4,trace_5
17740,trace_0,trace_8
17740,trace_4,trace_5
17760,trace_0,trace_8
17760,trace_4,trace_5
17780,trace_0,trace_8
17780,trace_4,trace_5
17800,trace_0,trace_8
17800,trace_4,trace_5
17820,trace_4,trace_5
17840,trace_4,trace_5
17860,trace_4,trace_5
17880,trace_4,trace_5
17900,trace_4,trace_5
17920,trace_4,trace_5
17940,trace_4,trace_5
17960,trace_4,trace_5
17980,trace_4,trace_5
18000,trace_4,trace_5
18040,trace_2,trace_8
18060,trace_2,trace_8
18080,trace_2,trace_8
18100,trace_2,trace_8
18120,trace_2,trace_8
18140,trace_2,trace_8
18160,trace_2,trace_8
18180,trace_2,trace_8
18200,trace_2,trace_8
18220,trace_2,trace_8
18240,trace_2,trace_8
18260,trace_2,trace_8
18280,trace_2,trace_8
18300,trace_2,trace_8
18320,trace_2,trace_8
18340,trace_2,trace_8
18360,trace_2,trace_8
18380,trace_2,trace_8
18400,trace_2,trace_8
18420,trace_2,trace_8
18660,trace_4,trace_5
18680,trace_1,trace_3
18680,trace_4,trace_5
18700,trace_1,trace_3
18720,trace_1,trace_3
18740,trace_1,trace_3
18760,trace_1,trace_3
18780,trace_1,trace_3
18800,trace_1,trace_3
18820,trace_1,trace_3
18840,trace_1,trace_3
18860,trace_1,trace_3
18880,trace_1,trace_3
18900,trace_1,trace_3
18920,trace_1,trace_3
18940,trace_5,trace_7
18960,trace_5,trace_7
18980,trace_5,trace_7
19000,trace_5,trace_7
19020,trace_5,trace_7
19040,trace_5,trace_7
19060,trace_5,trace_7
19080,trace_5,trace_7
19100,trace_5,trace_7
19340,trace_2,trace_5
19360,trace_2,trace_5
19380,trace_2,trace_5
19400,trace_2,trace_5
19420,trace_2,trace_5
19440,trace_2,trace_5
19440,trace_5,trace_6
19460,trace_2,trace_5
19460,trace_5,trace_6
19480,trace_2,trace_5
19480,trace_5,trace_6
19500,trace_2,trace_5
19500,trace_5,trace_6
19520,trace_5,trace_6
19540,trace_5,trace_6
19560,trace_5,trace_6
19580,trace_5,trace_6
19600,trace_5,trace_6
19860,trace_3,trace_4
19880,trace_3,trace_4
19900,trace_3,trace_4
19920,trace_3,trace_4
19940,trace_3,trace_4
19940,trace_4,trace_6
19960,trace_3,trace_4
19960,trace_4,trace_6
19980,trace_3,trace_4
19980,trace_4,trace_6
20000,trace_3,trace_4
20000,trace_4,trace_6
20020,trace_4,trace_6
20040,trace_4,trace_5
20040,trace_4,trace_6
20060,trace_4,trace_5
20060,trace_4,trace_6
20080,trace_4,trace_5
20080,trace_4,trace_6
20100,trace_4,trace_5
20100,trace_4,trace_6
20120,trace_4,trace_5
20120,trace_4,trace_6
20140,trace_4,trace_6
20160,trace_4,trace_6
20180,trace_4,trace_6
20200,trace_4,trace_6
20220,trace_4,trace_6
20240,trace_4,trace_6
20260,trace_4,trace_6
20280,trace_3,trace_9
20280,trace_5,trace_6
20300,trace_3,trace_9
20300,trace_5,trace_6
20320,trace_3,trace_9
20340,trace_3,trace_9
20360,trace_3,trace_9
20380,trace_3,trace_9
20400,trace_3,trace_9
20420,trace_3,trace_9
20440,trace_3,trace_9
20460,trace_3,trace_9
20480,trace_3,trace_9
20500,trace_3,trace_9
20520,trace_3,trace_9
20540,trace_0,trace_3
20540,trace_3,trace_9
20560,trace_0,trace_3
20560,trace_3,trace_9
20580,trace_0,trace_3
20600,trace_0,trace_3
20620,trace_0,trace_3
20620,trace_8,trace_9
20640,trace_0,trace_3
20640,trace_8,trace_9
20660,trace_0,trace_3
20660,trace_8,trace_9
20680,trace_0,trace_3
20680,trace_8,trace_9
20700,trace_8,trace_9
20720,trace_8,trace_9
20740,trace_8,trace_9
20760,trace_8,trace_9
20780,trace_8,trace_9
20800,trace_8,trace_9
21260,trace_1,trace_5
21280,trace_1,trace_5
21380,trace_1,trace_4
21400,trace_1,trace_4
21420,trace_1,trace_4
21440,trace_1,trace_4
21620,trace_4,trace_5
21640,trace_4,trace_5
21660,trace_4,trace_5
21680,trace_3,trace_5
21680,trace_4,trace_5
21700,trace_3,trace_5
21700,trace_4,trace_5
21720,trace_3,trace_5
21720,trace_4,trace_5
21740,trace_3,trace_5
21740,trace_4,trace_5
21760,trace_0,trace_9
21760,trace_3,trace_5
21760,trace_4,trace_5
21780,trace_0,trace_9
21780,trace_3,trace_5
21800,trace_0,trace_9
21820,trace_0,trace_9
21840,trace_0,trace_9
21860,trace_0,trace_9
21880,trace_0,trace_9
21900,trace_0,trace_9
21920,trace_0,trace_9
21940,trace_0,trace_9
21960,trace_0,trace_9
21980,trace_0,trace_9
22000,trace_0,trace_9
22020,trace_0,trace_9
22040,trace_0,trace_9
22060,trace_0,trace_9
22080,trace_0,trace_9
22100,trace_0,trace_9
23220,trace_4,trace_7
23240,trace_4,trace_7
23260,trace_4,trace_7
23280,trace_4,trace_7
23300,trace_4,trace_7
23320,trace_4,trace_7
23340,trace_4,trace_7
23360,trace_4,trace_7
23380,trace_4,trace_7
23400,trace_4,trace_7
23420,trace_4,trace_7
23440,trace_4,trace_7
23460,trace_4,trace_7
23480,trace_4,trace_7
23680,trace_2,trace_7
23700,trace_2,trace_7
23720,trace_2,trace_7
23740,trace_2,trace_7
23760,trace_2,trace_7
23780,trace_2,trace_7
23800,trace_2,trace_7
23960,trace_1,trace_2
23980,trace_1,trace_2
24000,trace_1,trace_2
24020,trace_1,trace_2
24040,trace_1,trace_2
24060,trace_1,trace_2
24080,trace_1,trace_2
24100,trace_1,trace_2
24120,trace_1,trace_2
24140,trace_1,trace_2
24140,trace_1,trace_3
24160,trace_1,trace_2
24160,trace_1,trace_3
24180,trace_1,trace_2
24180,trace_1,trace_3
24200,trace_1,trace_2
24200,trace_1,trace_3
24220,trace_1,trace_2
24220,trace_1,trace_3
24220,trace_7,trace_9
24240,trace_1,trace_2
24240,trace_1,trace_3
24240,trace_7,trace_9
24260,trace_1,trace_2
24260,trace_4,trace_5
24260,trace_7,trace_8
24260,trace_7,trace_9
24280,trace_1,trace_2
24280,trace_4,trace_5
24280,trace_7,trace_8
24280,trace_7,trace_9
24300,trace_0,trace_5
24300,trace_1,trace_2
24300,trace_4,trace_5
24300,trace_7,trace_8
24300,trace_7,trace_9
24320,trace_0,trace_5
24320,trace_1,trace_2
24320,trace_4,trace_5
24320,trace_7,trace_8
24340,trace_0,trace_5
24340,trace_1,trace_2
24340,trace_4,trace_5
24340,trace_7,trace_8
24360,trace_0,trace_5
24360,trace_1,trace_2
24360,trace_4,trace_5
24360,trace_7,trace_8
24380,trace_1,trace_2
24380,trace_4,trace_5
24380,trace_7,trace_8
24400,trace_1,trace_2
24400,trace_4,trace_5
24400,trace_7,trace_8
24420,trace_1,trace_2
24420,trace_4,trace_5
24420,trace_7,trace_8
24440,trace_1,trace_2
24440,trace_4,trace_5
24440,trace_7,trace_8
24460,trace_1,trace_2
24460,trace_7,trace_8
24640,trace_3,trace_5
24660,trace_3,trace_5
24680,trace_3,trace_5
24700,trace_3,trace_5
24720,trace_3,trace_5
24840,trace_3,trace_9
25360,trace_4,trace_9
25380,trace_4,trace_9
25400,trace_4,trace_9
25420,trace_4,trace_9
25480,trace_4,trace_8
25500,trace_4,trace_8
25520,trace_4,trace_8
25540,trace_4,trace_8
25560,trace_4,trace_8
25580,trace_4,trace_8
25600,trace_4,trace_8
25620,trace_4,trace_8
25640,trace_4,trace_8
25660,trace_4,trace_8
25700,trace_2,trace_5
25720,trace_2,trace_5
26320,trace_3,trace_8
26340,trace_3,trace_8
26500,trace_2,trace_5
26520,trace_2,trace_5
26540,trace_2,trace_5
27320,trace_5,trace_7
28040,trace_5,trace_6
28060,trace_5,trace_6
28080,trace_5,trace_6
28100,trace_5,trace_6
28120,trace_5,trace_6
28140,trace_5,trace_6
28160,trace_5,trace_6
28180,trace_1,trace_3
28180,trace_5,trace_6
28200,trace_1,trace_3
28200,trace_5,trace_6
28220,trace_1,trace_3
28220,trace_5,trace_6
28240,trace_5,trace_6
28260,trace_5,trace_6
28280,trace_5,trace_6
28300,trace_5,trace_6
28320,trace_3,trace_5
28320,trace_5,trace_6
28340,trace_3,trace_5
28340,trace_5,trace_6
28360,trace_3,trace_5
28360,trace_5,trace_6
28380,trace_3,trace_5
28380,trace_5,trace_6
28400,trace_3,trace_5
28400,trace_5,trace_6
28420,trace_3,trace_5
28440,trace_3,trace_5
28460,trace_3,trace_5
28480,trace_3,trace_5
28500,trace_3,trace_5
28820,trace_8,trace_9
28840,trace_2,trace_6
28840,trace_8,trace_9
28860,trace_2,trace_6
28860,trace_8,trace_9
28880,trace_2,trace_6
28880,trace_8,trace_9
28900,trace_2,trace_6
28900,trace_8,trace_9
28920,trace_2,trace_6
28920,trace_8,trace_9
28940,trace_2,trace_6
28940,trace_8,trace_9
28960,trace_2,trace_6
28960,trace_8,trace_9
28980,trace_2,trace_6
28980,trace_8,trace_9
29000,trace_2,trace_6
29000,trace_8,trace_9
29020,trace_2,trace_6
29020,trace_8,trace_9
29040,trace_2,trace_6
29040,trace_8,trace_9
29060,trace_2,trace_6
29060,trace_8,trace_9
29080,trace_2,trace_6
29080,trace_8,trace_9
29100,trace_2,trace_6
29100,trace_8,trace_9
29320,trace_5,trace_7
29340,trace_5,trace_7
29360,trace_5,trace_7
29380,trace_5,trace_7
29400,trace_5,trace_7
29580,trace_1,trace_2
29600,trace_1,trace_2
29620,trace_1,trace_2
29640,trace_1,trace_2
29660,trace_1,trace_2
29680,trace_1,trace_2
29700,trace_1,trace_2
29720,trace_1,trace_2
30120,trace_4,trace_5
30140,trace_4,trace_5
30160,trace_4,trace_5
30180,trace_4,trace_5
30260,trace_6,trace_8
30280,trace_6,trace_8
30300,trace_6,trace_8
30320,trace_6,trace_8
30340,trace_6,trace_8
30360,trace_6,trace_8
30400,trace_4,trace_6
30420,trace_4,trace_6
30440,trace_4,trace_6
30460,trace_4,trace_6
30480,trace_4,trace_6
30500,trace_4,trace_6
30520,trace_1,trace_2
30520,trace_4,trace_6
30540,trace_1,trace_2
30540,trace_4,trace_6
30560,trace_4,trace_6
30580,trace_4,trace_6
30600,trace_4,trace_6
30620,trace_4,trace_6
30640,trace_4,trace_6
30660,trace_4,trace_6
30680,trace_4,trace_6
30700,trace_4,trace_6
30720,trace_4,trace_6
30740,trace_4,trace_6
30760,trace_4,trace_6
30780,trace_4,trace_6
30800,trace_4,trace_6
30820,trace_4,trace_6
30840,trace_4,trace_6
30860,trace_4,trace_6
30880,trace_4,trace_6
30900,trace_4,trace_6
30920,trace_4,trace_6
30940,trace_4,trace_6
30960,trace_4,trace_6
30980,trace_4,trace_6
31020,trace_0,trace_5
31040,trace_0,trace_5
31060,trace_0,trace_5
31080,trace_0,trace_5
31100,trace_0,trace_5
31120,trace_0,trace_5
31140,trace_0,trace_5
31160,trace_0,trace_5
31180,trace_0,trace_5
31200,trace_0,trace_5
31220,trace_0,trace_5
31420,trace_2,trace_9
31440,trace_2,trace_9
31460,trace_2,trace_9
31480,trace_2,trace_9
31480,trace_4,trace_7
31500,trace_0,trace_6
31500,trace_2,trace_9
31500,trace_4,trace_7
31520,trace_0,trace_6
31520,trace_2,trace_9
31520,trace_4,trace_7
31540,trace_0,trace_6
31540,trace_2,trace_9
31540,trace_4,trace_7
31560,trace_2,trace_9
31560,trace_4,trace_7
31580,trace_2,trace_9
31580,trace_4,trace_7
31600,trace_2,trace_9
31600,trace_4,trace_7
31620,trace_2,trace_9
31620,trace_4,trace_7
31640,trace_2,trace_9
31640,trace_4,trace_7
31660,trace_2,trace_9
31660,trace_4,trace_7
31680,trace_2,trace_9
31680,trace_3,trace_9
31680,trace_4,trace_7
31700,trace_2,trace_9
31700,trace_3,trace_9
31700,trace_4,trace_7
31720,trace_2,trace_9
31720,trace_3,trace_9
31720,trace_4,trace_7
31740,trace_2,trace_9
31740,trace_3,trace_9
31740,trace_4,trace_7
31760,trace_2,trace_9
31760,trace_3,trace_9
31760,trace_4,trace_7
31780,trace_2,trace_9
31780,trace_3,trace_9
31780,trace_4,trace_7
31800,trace_2,trace_9
31800,trace_3,trace_9
31820,trace_2,trace_9
31820,trace_3,trace_9
31840,trace_2,trace_9
31840,trace_3,trace_9
31860,trace_2,trace_9
31860,trace_3,trace_8
31860,trace_3,trace_9
31880,trace_3,trace_8
31880,trace_3,trace_9
31900,trace_3,trace_8
31920,trace_3,trace_8
31940,trace_3,trace_8
31960,trace_3,trace_8
31980,trace_3,trace_8
32000,trace_3,trace_8
32020,trace_3,trace_8
32040,trace_3,trace_8
32060,trace_3,trace_8
32260,trace_3,trace_4
32280,trace_1,trace_2
32300,trace_1,trace_2
32320,trace_1,trace_2
32600,trace_4,trace_6
32620,trace_4,trace_6
32700,trace_1,trace_7
32720,trace_1,trace_7
32740,trace_1,trace_7
32760,trace_1,trace_7
32780,trace_1,trace_7
32780,trace_6,trace_9
32800,trace_6,trace_9
32820,trace_6,trace_9
32840,trace_6,trace_9
32860,trace_6,trace_9
32880,trace_6,trace_7
32880,trace_6,trace_9
32900,trace_6,trace_7
32900,trace_6,trace_9
32920,trace_6,trace_7
32920,trace_6,trace_9
32940,trace_6,trace_7
32940,trace_6,trace_9
32960,trace_6,trace_7
32960,trace_6,trace_9
32980,trace_1,trace_6
32980,trace_6,trace_7
32980,trace_6,trace_9
33000,trace_1,trace_6
33000,trace_6,trace_7
33000,trace_6,trace_9
33020,trace_1,trace_6
33020,trace_6,trace_7
33020,trace_6,trace_9
33040,trace_1,trace_6
33040,trace_6,trace_7
33040,trace_6,trace_9
33060,trace_1,trace_6
33060,trace_6,trace_7
33060,trace_6,trace_9
33080,trace_1,trace_6
33080,trace_6,trace_7
33080,trace_6,trace_9
33100,trace_1,trace_6
33100,trace_6,trace_7
33100,trace_6,trace_9
33120,trace_1,trace_6
33120,trace_6,trace_7
33120,trace_6,trace_9
33140,trace_1,trace_6
33140,trace_6,trace_7
33140,trace_6,trace_9
33160,trace_1,trace_6
33160,trace_6,trace_7
33160,trace_6,trace_9
33180,trace_1,trace_6
33180,trace_6,trace_9
33200,trace_1,trace_6
33200,trace_6,trace_9
33220,trace_1,trace_6
33220,trace_6,trace_9
33240,trace_1,trace_6
33240,trace_6,trace_9
33260,trace_1,trace_6
33260,trace_6,trace_9
33280,trace_1,trace_6
33280,trace_6,trace_9
33300,trace_1,trace_6
33300,trace_6,trace_9
33320,trace_1,trace_6
33320,trace_6,trace_9
33340,trace_1,trace_6
33340,trace_6,trace_9
33360,trace_1,trace_6
33360,trace_6,trace_9
33380,trace_1,trace_6
33380,trace_6,trace_9
33400,trace_1,trace_6
33400,trace_6,trace_9
33420,trace_1,trace_6
33420,trace_6,trace_9
33440,trace_1,trace_6
33460,trace_1,trace_6
33480,trace_1,trace_6
33500,trace_1,trace_6
33520,trace_1,trace_6
33540,trace_1,trace_6
33560,trace_1,trace_6
33860,trace_6,trace_8
33880,trace_6,trace_8
33900,trace_6,trace_8
33920,trace_6,trace_8
33940,trace_1,trace_9
33940,trace_6,trace_8
33960,trace_1,trace_9
33960,trace_6,trace_8
33980,trace_1,trace_9
33980,trace_6,trace_8
34000,trace_1,trace_9
34000,trace_6,trace_8
34020,trace_6,trace_8
34040,trace_6,trace_8
34060,trace_5,trace_6
34060,trace_6,trace_9
34080,trace_5,trace_6
34100,trace_5,trace_6
34120,trace_5,trace_6
34140,trace_5,trace_6
34200,trace_0,trace_1
34220,trace_0,trace_1
34240,trace_0,trace_1
34260,trace_0,trace_1
34780,trace_0,trace_2
34800,trace_0,trace_2
34820,trace_0,trace_2
34840,trace_0,trace_2
34860,trace_0,trace_2
35660,trace_3,trace_8
35680,trace_3,trace_8
35740,trace_0,trace_6
35760,trace_0,trace_6
35780,trace_0,trace_6
35800,trace_0,trace_6
35820,trace_0,trace_6
35840,trace_0,trace_6
35840,trace_3,trace_4
35860,trace_3,trace_4
36100,trace_3,trace_8
36120,trace_3,trace_8
36140,trace_3,trace_8
36160,trace_3,trace_8
36180,trace_3,trace_8
36180,trace_4,trace_5
36200,trace_4,trace_5
36200,trace_5,trace_9
36220,trace_4,trace_5
36220,trace_5,trace_9
36240,trace_4,trace_5
36260,trace_4,trace_5
36280,trace_4,trace_5
36300,trace_4,trace_5
36320,trace_4,trace_5
36340,trace_4,trace_5
36360,trace_4,trace_5
36380,trace_4,trace_5
36400,trace_4,trace_5
36420,trace_4,trace_5
36440,trace_4,trace_5
36460,trace_4,trace_5
36480,trace_4,trace_5
36500,trace_4,trace_5
36520,trace_4,trace_5
36540,trace_4,trace_5
36540,trace_4,trace_7
36560,trace_4,trace_5
36560,trace_4,trace_7
36580,trace_4,trace_5
36580,trace_4,trace_7
36600,trace_4,trace_5
36600,trace_4,trace_7
36620,trace_3,trace_7
36620,trace_4,trace_5
36620,trace_4,trace_7
36640,trace_3,trace_7
36640,trace_4,trace_5
36640,trace_4,trace_7
36660,trace_3,trace_7
36660,trace_4,trace_5
36680,trace_3,trace_7
36680,trace_4,trace_5
36700,trace_3,trace_7
36700,trace_4,trace_5
36720,trace_3,trace_7
36720,trace_4,trace_5
36720,trace_4,trace_9
36740,trace_3,trace_7
36740,trace_4,trace_5
36740,trace_4,trace_9
36760,trace_4,trace_5
36760,trace_4,trace_9
36780,trace_4,trace_5
36780,trace_4,trace_9
36800,trace_4,trace_5
36800,trace_4,trace_9
36820,trace_4,trace_5
36820,trace_4,trace_9
36840,trace_4,trace_5
36840,trace_4,trace_9
36840,trace_5,trace_8
36860,trace_4,trace_5
36860,trace_4,trace_9
36860,trace_5,trace_8
36880,trace_4,trace_5
36880,trace_4,trace_9
36880,trace_5,trace_8
36900,trace_4,trace_5
36920,trace_4,trace_5
36940,trace_4,trace_5
36960,trace_3,trace_6
36960,trace_4,trace_5
36980,trace_3,trace_6
36980,trace_4,trace_5
37000,trace_3,trace_6
37000,trace_4,trace_5
37020,trace_3,trace_6
37020,trace_4,trace_5
37040,trace_4,trace_5
37060,trace_4,trace_5
37220,trace_1,trace_5
37240,trace_1,trace_5
37260,trace_1,trace_5
37260,trace_3,trace_4
37280,trace_1,trace_5
37280,trace_3,trace_4
37300,trace_1,trace_5
37320,trace_1,trace_5
37340,trace_1,trace_5
37360,trace_1,trace_5
37620,trace_1,trace_6
37640,trace_1,trace_6
37660,trace_1,trace_6
37660,trace_2,trace_5
37680,trace_1,trace_6
37680,trace_2,trace_5
37700,trace_1,trace_6
37700,trace_2,trace_5
37720,trace_1,trace_6
37720,trace_2,trace_5
37740,trace_2,trace_5
37740,trace_7,trace_9
37760,trace_2,trace_5
37760,trace_7,trace_9
37780,trace_2,trace_5
38380,trace_1,trace_3
38400,trace_1,trace_3
38420,trace_1,trace_3
38440,trace_1,trace_3
38460,trace_1,trace_3
38480,trace_1,trace_3
39260,trace_5,trace_9
39280,trace_5,trace_9
39300,trace_0,trace_8
39300,trace_5,trace_9
39320,trace_0,trace_8
39320,trace_5,trace_9
39340,trace_0,trace_8
39340,trace_5,trace_9
39360,trace_0,trace_8
39360,trace_5,trace_9
39380,trace_0,trace_8
39400,trace_0,trace_8
39420,trace_0,trace_8
39440,trace_0,trace_8
39440,trace_7,trace_9
39460,trace_0,trace_8
39460,trace_7,trace_9
39480,trace_0,trace_8
39480,trace_7,trace_9
39500,trace_7,trace_9
39520,trace_7,trace_9
39540,trace_7,trace_9
39560,trace_7,trace_9
39640,trace_0,trace_3
39660,trace_0,trace_3
39700,trace_3,trace_9
39720,trace_3,trace_9
39740,trace_3,trace_9
39760,trace_3,trace_9
39780,trace_3,trace_9
39800,trace_3,trace_9
39820,trace_3,trace_9
39840,trace_3,trace_9
39860,trace_3,trace_9
39880,trace_3,trace_9
39900,trace_3,trace_9
39920,trace_3,trace_9
39940,trace_3,trace_9
39960,trace_3,trace_9
39980,trace_3,trace_9
40200,trace_0,trace_8
40220,trace_0,trace_8
40240,trace_0,trace_8
40260,trace_0,trace_8
40280,trace_0,trace_8
40300,trace_0,trace_8
40300,trace_1,trace_9
40320,trace_0,trace_8
40320,trace_1,trace_9
40340,trace_0,trace_8
40340,trace_1,trace_9
40360,trace_0,trace_8
40360,trace_1,trace_9
40380,trace_0,trace_8
40380,trace_1,trace_9
40400,trace_0,trace_8
40400,trace_1,trace_9
40420,trace_0,trace_8
40420,trace_1,trace_9
40440,trace_0,trace_8
40440,trace_1,trace_7
40440,trace_1,trace_9
40460,trace_0,trace_4
40460,trace_0,trace_8
40460,trace_1,trace_7
40460,trace_1,trace_9
40480,trace_0,trace_4
40480,trace_0,trace_8
40480,trace_1,trace_7
40480,trace_1,trace_9
40500,trace_0,trace_4
40500,trace_0,trace_8
40500,trace_1,trace_7
40500,trace_1,trace_9
40520,trace_0,trace_8
40520,trace_1,trace_7
40520,trace_1,trace_9
40540,trace_0,trace_8
40540,trace_1,trace_7
40540,trace_1,trace_9
40560,trace_0,trace_8
40560,trace_1,trace_7
40580,trace_0,trace_8
40580,trace_1,trace_7
40600,trace_0,trace_8
40600,trace_1,trace_7
40620,trace_0,trace_8
40620,trace_1,trace_7
40640,trace_0,trace_8
40640,trace_1,trace_7
40660,trace_0,trace_8
40660,trace_1,trace_7
40680,trace_0,trace_8
40680,trace_1,trace_7
40700,trace_0,trace_8
40700,trace_1,trace_7
40700,trace_4,trace_6
40720,trace_0,trace_8
40720,trace_1,trace_7
40720,trace_4,trace_6
40740,trace_0,trace_8
40740,trace_1,trace_7
40740,trace_4,trace_6
40760,trace_0,trace_8
40760,trace_1,trace_7
40760,trace_4,trace_6
40780,trace_0,trace_8
40780,trace_1,trace_7
40780,trace_4,trace_6
40800,trace_0,trace_8
40800,trace_1,trace_7
40800,trace_4,trace_6
40820,trace_0,trace_8
40820,trace_1,trace_7
40820,trace_4,trace_6
40840,trace_0,trace_8
40840,trace_1,trace_7
40840,trace_4,trace_6
40860,trace_1,trace_7
40880,trace_1,trace_7
40880,trace_6,trace_8
40900,trace_1,trace_7
40900,trace_6,trace_8
40920,trace_1,trace_7
40920,trace_6,trace_8
40940,trace_1,trace_7
40940,trace_6,trace_8
40960,trace_1,trace_7
40960,trace_4,trace_5
41460,trace_5,trace_6
41480,trace_5,trace_6
41500,trace_5,trace_6
41520,trace_5,trace_6
41540,trace_5,trace_6
41560,trace_5,trace_6
41580,trace_5,trace_6
41600,trace_5,trace_6
41620,trace_5,trace_6
41620,trace_5,trace_9
41640,trace_5,trace_6
41640,trace_5,trace_9
41660,trace_5,trace_6
41660,trace_5,trace_9
41680,trace_5,trace_6
41680,trace_5,trace_9
41700,trace_5,trace_6
41700,trace_5,trace_9
41720,trace_5,trace_6
41740,trace_5,trace_6
41760,trace_5,trace_6
41780,trace_5,trace_6
41800,trace_5,trace_6
41820,trace_5,trace_6
41840,trace_5,trace_6
41860,trace_5,trace_6
41860,trace_5,trace_7
41880,trace_5,trace_6
41880,trace_5,trace_7
41900,trace_5,trace_6
41900,trace_5,trace_7
41920,trace_5,trace_6
41940,trace_5,trace_6
41960,trace_5,trace_6
41980,trace_5,trace_6
42000,trace_5,trace_6
42020,trace_5,trace_6
42040,trace_5,trace_6
42060,trace_5,trace_6
42080,trace_5,trace_6
42100,trace_5,trace_6
42120,trace_5,trace_6
42140,trace_5,trace_6
42160,trace_5,trace_6
42660,trace_3,trace_6
42680,trace_3,trace_6
42700,trace_3,trace_6
42720,trace_3,trace_6
42740,trace_3,trace_6
42760,trace_3,trace_6
43020,trace_0,trace_7
43040,trace_0,trace_7
43060,trace_0,trace_7
43080,trace_0,trace_7
43100,trace_0,trace_7
43120,trace_0,trace_7
43140,trace_0,trace_7
43160,trace_0,trace_7
43180,trace_0,trace_7
43200,trace_0,trace_7
43220,trace_0,trace_7
43240,trace_0,trace_7
43260,trace_0,trace_7
43280,trace_0,trace_7
43280,trace_3,trace_7
43300,trace_0,trace_7
43300,trace_3,trace_7
43320,trace_0,trace_7
43320,trace_3,trace_7
43340,trace_3,trace_7
43360,trace_3,trace_7
43380,trace_3,trace_7
43380,trace_4,trace_7
43400,trace_3,trace_7
43400,trace_4,trace_7
43420,trace_3,trace_7
43420,trace_4,trace_7
43440,trace_3,trace_7
43440,trace_4,trace_7
43460,trace_3,trace_7
43460,trace_4,trace_7
43480,trace_3,trace_7
43480,trace_4,trace_7
43500,trace_3,trace_7
43500,trace_4,trace_7
43520,trace_3,trace_7
43520,trace_4,trace_7
43540,trace_3,trace_7
43540,trace_4,trace_7
43560,trace_3,trace_7
43560,trace_4,trace_7
43580,trace_4,trace_7
43600,trace_4,trace_7
43620,trace_4,trace_7
43640,trace_4,trace_7
43660,trace_4,trace_7
43680,trace_0,trace_9
43680,trace_4,trace_7
43700,trace_0,trace_9
43700,trace_4,trace_7
43720,trace_0,trace_9
43720,trace_4,trace_7
43740,trace_0,trace_9
43740,trace_4,trace_7
43760,trace_4,trace_7
43780,trace_4,trace_7
43800,trace_4,trace_7
43800,trace_6,trace_9
43820,trace_4,trace_7
43820,trace_6,trace_9
43840,trace_4,trace_7
43840,trace_6,trace_9
43860,trace_6,trace_9
43880,trace_6,trace_9
43900,trace_6,trace_9
43920,trace_6,trace_9
43940,trace_6,trace_9
43960,trace_6,trace_9
43980,trace_6,trace_9
44480,trace_0,trace_4
44500,trace_0,trace_4
44520,trace_0,trace_4
45000,trace_1,trace_2
45000,trace_2,trace_9
45020,trace_1,trace_2
45040,trace_1,trace_2
45060,trace_1,trace_2
45380,trace_7,trace_9
45400,trace_7,trace_9
45420,trace_7,trace_9
45440,trace_7,trace_9
45720,trace_2,trace_8
45740,trace_2,trace_8
45760,trace_0,trace_8
45760,trace_2,trace_8
45780,trace_0,trace_8
45780,trace_2,trace_8
45800,trace_2,trace_8
45800,trace_4,trace_8
45820,trace_2,trace_8
45820,trace_4,trace_8
45840,trace_2,trace_8
45840,trace_4,trace_8
45860,trace_2,trace_8
45860,trace_4,trace_8
45880,trace_2,trace_8
45880,trace_4,trace_8
45900,trace_2,trace_8
45900,trace_4,trace_8
45920,trace_0,trace_8
45920,trace_2,trace_8
45920,trace_4,trace_8
45940,trace_0,trace_8
45940,trace_2,trace_8
45940,trace_4,trace_8
45960,trace_0,trace_8
45960,trace_2,trace_8
45960,trace_4,trace_8
45980,trace_0,trace_8
45980,trace_2,trace_8
45980,trace_4,trace_8
46000,trace_0,trace_8
46000,trace_2,trace_8
46000,trace_4,trace_8
46020,trace_0,trace_8
46020,trace_2,trace_8
46020,trace_4,trace_8
46040,trace_0,trace_8
46040,trace_2,trace_8
46040,trace_4,trace_8
46060,trace_0,trace_8
46060,trace_4,trace_8
46080,trace_0,trace_8
46100,trace_0,trace_8
46120,trace_0,trace_8
46120,trace_1,trace_9
46120,trace_2,trace_7
46140,trace_0,trace_8
46140,trace_1,trace_9
46140,trace_2,trace_7
46160,trace_0,trace_8
46160,trace_1,trace_9
46160,trace_2,trace_7
46160,trace_4,trace_5
46180,trace_0,trace_5
46180,trace_0,trace_8
46180,trace_1,trace_9
46180,trace_2,trace_7
46200,trace_0,trace_5
46200,trace_0,trace_8
46200,trace_1,trace_9
46200,trace_2,trace_7
46220,trace_0,trace_5
46220,trace_0,trace_8
46220,trace_2,trace_7
46240,trace_0,trace_5
46240,trace_0,trace_8
46240,trace_2,trace_7
46260,trace_0,trace_5
46260,trace_0,trace_8
46260,trace_2,trace_7
46280,trace_0,trace_5
46280,trace_2,trace_7
46300,trace_0,trace_5
46300,trace_2,trace_7
46320,trace_0,trace_5
46320,trace_2,trace_7
46340,trace_0,trace_5
46340,trace_2,trace_7
46360,trace_0,trace_5
46360,trace_2,trace_7
46380,trace_2,trace_7
46400,trace_2,trace_7
46420,trace_2,trace_7
46440,trace_2,trace_7
46460,trace_2,trace_7
46480,trace_2,trace_7
46500,trace_2,trace_7
46520,trace_0,trace_4
46520,trace_1,trace_8
46520,trace_2,trace_7
46540,trace_1,trace_8
46540,trace_2,trace_7
46560,trace_1,trace_8
46560,trace_2,trace_7
46620,trace_4,trace_5
46640,trace_4,trace_5
46660,trace_4,trace_5
46680,trace_4,trace_5
46700,trace_4,trace_5
46700,trace_7,trace_9
46720,trace_4,trace_5
46720,trace_7,trace_9
46740,trace_4,trace_5
46740,trace_7,trace_9
46760,trace_4,trace_5
46780,trace_4,trace_5
46800,trace_4,trace_5
46820,trace_4,trace_5
46840,trace_4,trace_5
46860,trace_4,trace_5
46880,trace_2,trace_9
46880,trace_4,trace_5
46900,trace_2,trace_9
46900,trace_4,trace_5
46920,trace_2,trace_9
46920,trace_4,trace_5
46940,trace_2,trace_9
46940,trace_4,trace_5
46960,trace_2,trace_9
46960,trace_4,trace_8
46980,trace_2,trace_9
46980,trace_4,trace_8
47000,trace_2,trace_9
47000,trace_4,trace_8
47020,trace_2,trace_9
47020,trace_4,trace_8
47040,trace_2,trace_9
47040,trace_4,trace_8
47060,trace_2,trace_9
47060,trace_4,trace_8
47080,trace_2,trace_9
47080,trace_4,trace_8
47100,trace_1,trace_9
47100,trace_2,trace_9
47100,trace_4,trace_8
47120,trace_1,trace_9
47120,trace_2,trace_9
47120,trace_4,trace_8
47140,trace_1,trace_9
47140,trace_2,trace_9
47140,trace_4,trace_8
47160,trace_1,trace_9
47160,trace_2,trace_9
47180,trace_1,trace_9
47200,trace_1,trace_9
47220,trace_1,trace_9
47240,trace_1,trace_9
47260,trace_1,trace_9
47280,trace_1,trace_9
47300,trace_1,trace_9
47320,trace_1,trace_9
47340,trace_1,trace_9
47360,trace_1,trace_9
47380,trace_1,trace_9
47400,trace_1,trace_9
47420,trace_1,trace_9
47440,trace_1,trace_9
47460,trace_1,trace_9
48300,trace_1,trace_9
48320,trace_1,trace_9
48340,trace_1,trace_9
48360,trace_1,trace_9
48360,trace_3,trace_6
48380,trace_1,trace_9
48380,trace_3,trace_6
48380,trace_4,trace_5
48400,trace_1,trace_9
48400,trace_4,trace_5
48420,trace_1,trace_9
48420,trace_4,trace_5
48440,trace_1,trace_9
48440,trace_4,trace_5
48460,trace_1,trace_9
48460,trace_4,trace_5
48460,trace_5,trace_9
48480,trace_4,trace_5
48480,trace_5,trace_9
48500,trace_4,trace_5
48500,trace_5,trace_9
48520,trace_4,trace_5
48520,trace_5,trace_9
48540,trace_4,trace_5
48540,trace_5,trace_9
48560,trace_4,trace_5
48560,trace_5,trace_9
48580,trace_4,trace_5
48580,trace_5,trace_9
48600,trace_4,trace_5
48600,trace_5,trace_9
48620,trace_4,trace_5
48620,trace_5,trace_9
48640,trace_4,trace_5
48640,trace_5,trace_9
48660,trace_4,trace_5
48660,trace_5,trace_9
48680,trace_4,trace_5
48680,trace_5,trace_9
48700,trace_4,trace_5
48700,trace_5,trace_9
48720,trace_4,trace_5
48720,trace_5,trace_9
48740,trace_4,trace_5
48740,trace_5,trace_9
48760,trace_4,trace_5
48760,trace_5,trace_9
48780,trace_4,trace_5
48780,trace_5,trace_9
48800,trace_4,trace_5
48800,trace_5,trace_9
48820,trace_3,trace_7
48820,trace_4,trace_5
48840,trace_3,trace_7
48840,trace_4,trace_5
48860,trace_3,trace_7
48860,trace_4,trace_5
48880,trace_3,trace_7
48880,trace_4,trace_5
48900,trace_1,trace_6
48900,trace_3,trace_7
48920,trace_1,trace_6
48920,trace_3,trace_7
48940,trace_3,trace_7
48960,trace_3,trace_7
48960,trace_5,trace_8
48980,trace_3,trace_7
49060,trace_3,trace_8
49080,trace_3,trace_8
49100,trace_3,trace_8
49120,trace_3,trace_8
49140,trace_3,trace_8
49200,trace_2,trace_7
49220,trace_2,trace_7
49240,trace_2,trace_7
49260,trace_2,trace_7
49280,trace_2,trace_7
49300,trace_2,trace_7
49320,trace_2,trace_7
49340,trace_2,trace_7
49360,trace_2,trace_7
49380,trace_2,trace_7
49400,trace_2,trace_7
49420,trace_2,trace_7
49420,trace_4,trace_7
49440,trace_2,trace_7
49760,trace_1,trace_6
49780,trace_1,trace_6
49800,trace_1,trace_6
49820,trace_1,trace_6
49840,trace_1,trace_6
49860,trace_1,trace_6
49880,trace_1,trace_6
49900,trace_1,trace_6
49920,trace_1,trace_6
50160,trace_1,trace_6
50180,trace_1,trace_6
50560,trace_0,trace_2
50580,trace_0,trace_2
50600,trace_0,trace_2
50620,trace_0,trace_2
50640,trace_0,trace_2
50660,trace_0,trace_2
50680,trace_0,trace_2
50700,trace_0,trace_2
50700,trace_3,trace_6
50720,trace_0,trace_2
50720,trace_3,trace_6
50740,trace_0,trace_2
50740,trace_3,trace_6
50760,trace_3,trace_6
50780,trace_3,trace_6
50800,trace_3,trace_6
50820,trace_3,trace_6
50820,trace_3,trace_8
50840,trace_3,trace_6
50840,trace_3,trace_8
50860,trace_1,trace_8
50860,trace_3,trace_6
50860,trace_3,trace_8
50880,trace_1,trace_8
50880,trace_3,trace_6
50880,trace_3,trace_8
50900,trace_1,trace_8
50900,trace_3,trace_6
50900,trace_4,trace_7
50920,trace_1,trace_8
50920,trace_3,trace_6
50920,trace_4,trace_7
50940,trace_3,trace_6
50940,trace_4,trace_7
50960,trace_3,trace_6
50960,trace_4,trace_7
50980,trace_3,trace_6
50980,trace_4,trace_7
51000,trace_3,trace_6
51000,trace_4,trace_7
51020,trace_2,trace_4
51020,trace_3,trace_6
51020,trace_4,trace_7
51040,trace_2,trace_4
51040,trace_3,trace_6
51040,trace_4,trace_7
51060,trace_2,trace_4
51060,trace_3,trace_6
51060,trace_4,trace_7
51080,trace_2,trace_4
51080,trace_3,trace_6
51080,trace_4,trace_7
51100,trace_2,trace_4
51100,trace_3,trace_6
51100,trace_4,trace_7
51120,trace_2,trace_4
51120,trace_3,trace_6
51120,trace_4,trace_7
51140,trace_2,trace_4
51140,trace_3,trace_6
51140,trace_4,trace_7
51160,trace_2,trace_4
51160,trace_3,trace_6
51160,trace_4,trace_7
51180,trace_2,trace_4
51180,trace_3,trace_6
51180,trace_4,trace_7
51200,trace_2,trace_4
51200,trace_3,trace_6
51200,trace_4,trace_7
51220,trace_2,trace_4
51220,trace_3,trace_6
51220,trace_4,trace_7
51240,trace_2,trace_4
51240,trace_3,trace_6
51240,trace_4,trace_7
51240,trace_7,trace_8
51260,trace_2,trace_4
51260,trace_3,trace_6
51260,trace_4,trace_7
51260,trace_7,trace_8
51280,trace_3,trace_6
51280,trace_4,trace_7
51280,trace_7,trace_8
51300,trace_3,trace_6
51300,trace_4,trace_7
51300,trace_7,trace_8
51320,trace_4,trace_7
51320,trace_7,trace_8
51340,trace_4,trace_7
51340,trace_7,trace_8
51360,trace_4,trace_7
51360,trace_7,trace_8
51380,trace_4,trace_7
51380,trace_7,trace_8
51400,trace_4,trace_7
51400,trace_7,trace_8
51420,trace_4,trace_7
51420,trace_7,trace_8
51440,trace_4,trace_7
51440,trace_7,trace_8
51460,trace_4,trace_7
51460,trace_7,trace_8
51480,trace_4,trace_7
51480,trace_7,trace_8
51500,trace_4,trace_7
51500,trace_7,trace_8
51520,trace_4,trace_7
51520,trace_7,trace_8
51540,trace_4,trace_7
51540,trace_7,trace_8
51560,trace_4,trace_7
51560,trace_7,trace_8
51580,trace_7,trace_8
51600,trace_7,trace_8
51620,trace_7,trace_8
51640,trace_7,trace_8
51660,trace_7,trace_8
51680,trace_7,trace_8
51680,trace_7,trace_9
51700,trace_7,trace_8
51700,trace_7,trace_9
51720,trace_7,trace_8
51720,trace_7,trace_9
51740,trace_7,trace_8
51740,trace_7,trace_9
51760,trace_7,trace_8
51760,trace_7,trace_9
51780,trace_7,trace_8
51780,trace_7,trace_9
51800,trace_7,trace_9
51820,trace_7,trace_9
51840,trace_7,trace_9
51860,trace_7,trace_9
51880,trace_7,trace_9
51900,trace_7,trace_9
51920,trace_7,trace_9
51940,trace_7,trace_9
51960,trace_7,trace_9
51980,trace_7,trace_9
52000,trace_1,trace_4
52000,trace_7,trace_9
52020,trace_1,trace_4
52020,trace_7,trace_9
52040,trace_1,trace_4
52040,trace_7,trace_9
52060,trace_1,trace_4
52080,trace_1,trace_4
52100,trace_1,trace_4
52120,trace_1,trace_4
52140,trace_1,trace_4
52160,trace_1,trace_4
52180,trace_1,trace_4
52200,trace_1,trace_4
52280,trace_6,trace_9
52300,trace_6,trace_9
52320,trace_0,trace_7
52320,trace_6,trace_9
52340,trace_0,trace_7
52340,trace_6,trace_9
52360,trace_0,trace_7
52360,trace_6,trace_9
52380,trace_0,trace_7
52380,trace_6,trace_9
52400,trace_0,trace_7
52400,trace_6,trace_9
52420,trace_0,trace_7
52420,trace_3,trace_5
52420,trace_6,trace_9
52440,trace_0,trace_7
52440,trace_3,trace_5
52440,trace_6,trace_9
52460,trace_0,trace_7
52460,trace_3,trace_5
52460,trace_6,trace_9
52480,trace_0,trace_7
52480,trace_3,trace_5
52480,trace_6,trace_9
52500,trace_0,trace_7
52500,trace_6,trace_9
52520,trace_0,trace_7
52520,trace_6,trace_9
52540,trace_0,trace_7
52540,trace_6,trace_9
52880,trace_0,trace_9
52900,trace_0,trace_9
52900,trace_1,trace_8
52920,trace_0,trace_9
52920,trace_1,trace_2
52920,trace_1,trace_8
52940,trace_0,trace_9
52940,trace_1,trace_2
52940,trace_1,trace_8
52960,trace_0,trace_8
52960,trace_0,trace_9
52960,trace_1,trace_2
52960,trace_1,trace_8
52980,trace_0,trace_8
52980,trace_0,trace_9
52980,trace_1,trace_8
53000,trace_0,trace_8
53000,trace_0,trace_9
53000,trace_1,trace_8
53020,trace_0,trace_8
53020,trace_0,trace_9
53020,trace_1,trace_8
53040,trace_0,trace_8
53040,trace_0,trace_9
53040,trace_1,trace_8
53060,trace_0,trace_8
53060,trace_0,trace_9
53060,trace_1,trace_8
53080,trace_0,trace_9
53080,trace_1,trace_8
53100,trace_0,trace_9
53100,trace_1,trace_8
53120,trace_1,trace_8
53140,trace_1,trace_8
53160,trace_1,trace_8
53180,trace_1,trace_8
53200,trace_1,trace_8
53220,trace_1,trace_8
53240,trace_1,trace_8
53260,trace_1,trace_8
53280,trace_1,trace_8
54040,trace_1,trace_6
54060,trace_1,trace_6
54080,trace_1,trace_6
54080,trace_7,trace_8
54100,trace_7,trace_8
54120,trace_7,trace_8
54140,trace_7,trace_8
54160,trace_7,trace_8
54180,trace_7,trace_8
54200,trace_7,trace_8
54220,trace_7,trace_8
54240,trace_7,trace_8
54260,trace_7,trace_8
54280,trace_7,trace_8
54300,trace_7,trace_8
54720,trace_7,trace_8
54740,trace_7,trace_8
54760,trace_7,trace_8
54780,trace_7,trace_8
54800,trace_7,trace_8
54820,trace_7,trace_8
54860,trace_0,trace_4
54880,trace_0,trace_4
54900,trace_0,trace_4
54920,trace_0,trace_4
54940,trace_0,trace_4
54960,trace_0,trace_4
54980,trace_0,trace_4
55000,trace_0,trace_4
55500,trace_1,trace_7
55520,trace_1,trace_7
55540,trace_1,trace_7
55560,trace_1,trace_7
55580,trace_1,trace_7
55600,trace_1,trace_7
55620,trace_1,trace_7
55640,trace_1,trace_7
55660,trace_1,trace_7
55680,trace_0,trace_9
55680,trace_1,trace_7
55700,trace_0,trace_9
55700,trace_1,trace_7
55720,trace_0,trace_9
55720,trace_1,trace_7
55740,trace_0,trace_9
55740,trace_1,trace_7
55760,trace_0,trace_9
55760,trace_1,trace_7
55780,trace_0,trace_9
55780,trace_1,trace_7
55800,trace_0,trace_9
55820,trace_0,trace_9
55840,trace_1,trace_9
55860,trace_1,trace_9
55880,trace_1,trace_9
55900,trace_1,trace_9
55920,trace_1,trace_9
55940,trace_1,trace_9
55960,trace_1,trace_9
55980,trace_1,trace_9
56000,trace_1,trace_9
56020,trace_1,trace_9
56040,trace_1,trace_9
56060,trace_1,trace_9
56080,trace_1,trace_9
56100,trace_1,trace_9
56120,trace_1,trace_9
56140,trace_1,trace_9
56160,trace_1,trace_9
56180,trace_1,trace_9
56200,trace_1,trace_9
56220,trace_1,trace_9
56240,trace_1,trace_9
56260,trace_1,trace_9
56280,trace_1,trace_9
56300,trace_1,trace_9
56320,trace_1,trace_9
56340,trace_1,trace_9
56360,trace_1,trace_9
56460,trace_4,trace_8
56740,trace_4,trace_8
56840,trace_2,trace_9
56860,trace_2,trace_9
56880,trace_2,trace_9
56900,trace_2,trace_9
56920,trace_2,trace_9
56940,trace_2,trace_9
56960,trace_2,trace_9
56980,trace_2,trace_6
56980,trace_2,trace_9
57000,trace_2,trace_4
57000,trace_2,trace_6
57000,trace_2,trace_9
57020,trace_2,trace_4
57020,trace_2,trace_6
57020,trace_2,trace_9
57040,trace_2,trace_4
57040,trace_2,trace_9
57060,trace_0,trace_3
57060,trace_2,trace_4
57060,trace_2,trace_9
57080,trace_0,trace_3
57080,trace_2,trace_4
57080,trace_2,trace_9
57100,trace_0,trace_3
57100,trace_2,trace_4
57100,trace_2,trace_9
57120,trace_0,trace_3
57120,trace_2,trace_4
57120,trace_2,trace_9
57140,trace_0,trace_3
57140,trace_2,trace_4
57140,trace_2,trace_9
57160,trace_0,trace_3
57160,trace_2,trace_4
57160,trace_2,trace_9
57180,trace_0,trace_3
57180,trace_2,trace_4
57180,trace_2,trace_9
57200,trace_0,trace_3
57200,trace_2,trace_4
57200,trace_2,trace_9
57220,trace_0,trace_3
57220,trace_2,trace_4
57240,trace_0,trace_3
57240,trace_2,trace_4
57260,trace_0,trace_3
57260,trace_2,trace_4
57280,trace_0,trace_3
57320,trace_1,trace_8
57340,trace_1,trace_8
57360,trace_1,trace_8
57380,trace_1,trace_8
57400,trace_1,trace_8
57420,trace_1,trace_8
57580,trace_1,trace_2
57600,trace_1,trace_2
57620,trace_1,trace_2
57640,trace_1,trace_2
57660,trace_1,trace_2
57680,trace_1,trace_2
57700,trace_1,trace_2
57720,trace_1,trace_2
57740,trace_1,trace_2
57800,trace_4,trace_5
57820,trace_4,trace_5
57840,trace_4,trace_5
57860,trace_4,trace_7
57880,trace_4,trace_7
57900,trace_4,trace_7
57920,trace_4,trace_7
57940,trace_4,trace_7
57960,trace_4,trace_7
57980,trace_1,trace_9
57980,trace_4,trace_7
58000,trace_1,trace_9
58000,trace_4,trace_7
58020,trace_1,trace_9
58020,trace_4,trace_7
58020,trace_8,trace_9
58040,trace_1,trace_9
58040,trace_4,trace_7
58040,trace_8,trace_9
58060,trace_1,trace_9
58060,trace_4,trace_7
58060,trace_8,trace_9
58080,trace_1,trace_9
58080,trace_4,trace_7
58080,trace_8,trace_9
58100,trace_1,trace_9
58100,trace_2,trace_3
58100,trace_4,trace_7
58100,trace_8,trace_9
58120,trace_1,trace_9
58120,trace_2,trace_3
58120,trace_4,trace_7
58120,trace_7,trace_9
58140,trace_1,trace_9
58140,trace_2,trace_3
58140,trace_4,trace_7
58140,trace_7,trace_9
58160,trace_1,trace_9
58160,trace_2,trace_3
58160,trace_4,trace_7
58160,trace_7,trace_9
58180,trace_1,trace_9
58180,trace_2,trace_3
58180,trace_7,trace_9
58200,trace_1,trace_9
58200,trace_2,trace_3
58200,trace_7,trace_9
58220,trace_1,trace_9
58220,trace_2,trace_3
58220,trace_7,trace_9
58240,trace_0,trace_2
58240,trace_1,trace_9
58240,trace_2,trace_3
58240,trace_7,trace_9
58260,trace_0,trace_2
58260,trace_1,trace_9
58260,trace_2,trace_3
58260,trace_7,trace_9
58280,trace_0,trace_2
58280,trace_1,trace_9
58280,trace_2,trace_3
58280,trace_7,trace_9
58300,trace_0,trace_2
58300,trace_1,trace_9
58300,trace_2,trace_3
58300,trace_7,trace_9
58320,trace_0,trace_2
58320,trace_1,trace_9
58320,trace_2,trace_3
58320,trace_4,trace_5
58340,trace_0,trace_2
58340,trace_1,trace_9
58340,trace_2,trace_3
58340,trace_4,trace_5
58360,trace_0,trace_2
58360,trace_1,trace_9
58360,trace_2,trace_3
58360,trace_4,trace_5
58380,trace_0,trace_2
58380,trace_1,trace_9
58380,trace_2,trace_3
58380,trace_4,trace_5
58400,trace_0,trace_2
58400,trace_1,trace_9
58400,trace_2,trace_3
58400,trace_4,trace_5
58420,trace_0,trace_2
58420,trace_1,trace_9
58420,trace_2,trace_3
58440,trace_0,trace_2
58440,trace_1,trace_9
58440,trace_2,trace_3
58460,trace_0,trace_2
58460,trace_1,trace_9
58460,trace_2,trace_3
58480,trace_0,trace_2
58480,trace_1,trace_9
58480,trace_2,trace_3
58500,trace_0,trace_2
58500,trace_1,trace_9
58500,trace_2,trace_3
58520,trace_0,trace_2
58520,trace_1,trace_9
58520,trace_2,trace_3
58540,trace_1,trace_9
58540,trace_2,trace_3
58560,trace_1,trace_9
58560,trace_2,trace_3
58580,trace_1,trace_9
58580,trace_2,trace_3
58600,trace_1,trace_9
58600,trace_2,trace_3
58620,trace_1,trace_9
58640,trace_1,trace_9
58660,trace_1,trace_9
58680,trace_1,trace_9
58700,trace_1,trace_9
58720,trace_1,trace_9
58740,trace_1,trace_9
58760,trace_1,trace_9
58780,trace_1,trace_9
58800,trace_1,trace_9
58820,trace_1,trace_9
58840,trace_1,trace_9
58860,trace_1,trace_9
58880,trace_1,trace_9
58900,trace_1,trace_9
58920,trace_1,trace_9
58940,trace_1,trace_9
58960,trace_1,trace_9
58980,trace_1,trace_9
59000,trace_1,trace_9
59020,trace_1,trace_9
59040,trace_1,trace_9
59060,trace_1,trace_9
59080,trace_1,trace_9
59200,trace_1,trace_4
59220,trace_1,trace_4
59240,trace_1,trace_4
59260,trace_1,trace_4
59280,trace_1,trace_4
59300,trace_1,trace_4
59320,trace_1,trace_4
59400,trace_2,trace_9
59420,trace_2,trace_9
59940,trace_5,trace_6
59960,trace_5,trace_6
59980,trace_5,trace_6
60000,trace_5,trace_6
60020,trace_5,trace_6
60120,trace_0,trace_5
60140,trace_0,trace_5
60160,trace_0,trace_5
60180,trace_0,trace_5
60200,trace_0,trace_5
60220,trace_0,trace_5
60240,trace_0,trace_5
60600,trace_6,trace_9
60620,trace_6,trace_9
60640,trace_6,trace_9
60660,trace_6,trace_9
60680,trace_6,trace_9
60700,trace_6,trace_9
60720,trace_6,trace_9
60740,trace_6,trace_9
60760,trace_6,trace_9
60780,trace_6,trace_9
60800,trace_6,trace_9
60820,trace_6,trace_9
60840,trace_6,trace_9
60860,trace_6,trace_9
60880,trace_6,trace_9
60900,trace_6,trace_9
60920,trace_6,trace_9
60940,trace_6,trace_9
60960,trace_6,trace_9
60980,trace_6,trace_9
61000,trace_6,trace_9
61020,trace_6,trace_9
61040,trace_6,trace_9
61060,trace_6,trace_9
61080,trace_6,trace_9
61100,trace_6,trace_9
61120,trace_6,trace_9
61140,trace_6,trace_9
61160,trace_6,trace_9
61180,trace_6,trace_9
61200,trace_6,trace_9
61340,trace_7,trace_9
61360,trace_7,trace_9
61380,trace_7,trace_9
62120,trace_1,trace_5
62140,trace_1,trace_5
62160,trace_1,trace_5
62180,trace_1,trace_5
62200,trace_1,trace_5
62220,trace_1,trace_5
62240,trace_1,trace_5
62300,trace_1,trace_3
62320,trace_1,trace_3
62340,trace_1,trace_3
62360,trace_1,trace_3
62380,trace_1,trace_3
62400,trace_1,trace_3
62420,trace_1,trace_3
62580,trace_2,trace_4
62580,trace_4,trace_5
62600,trace_2,trace_4
62600,trace_4,trace_5
62620,trace_2,trace_4
62620,trace_3,trace_8
62620,trace_4,trace_5
62640,trace_2,trace_4
62640,trace_3,trace_8
62640,trace_4,trace_5
62660,trace_2,trace_4
62660,trace_3,trace_8
62660,trace_4,trace_5
62680,trace_2,trace_4
62680,trace_3,trace_8
62700,trace_2,trace_4
62700,trace_3,trace_8
62720,trace_3,trace_8
62740,trace_3,trace_8
62760,trace_3,trace_8
62880,trace_2,trace_7
62900,trace_2,trace_7
62920,trace_2,trace_7
62940,trace_2,trace_7
62960,trace_2,trace_7
62980,trace_2,trace_7
63000,trace_2,trace_7
63020,trace_2,trace_7
63040,trace_2,trace_7
63060,trace_2,trace_7
63080,trace_2,trace_7
63100,trace_2,trace_7
63100,trace_6,trace_9
63120,trace_2,trace_7
63120,trace_6,trace_9
63140,trace_2,trace_7
63160,trace_2,trace_7
63180,trace_2,trace_7
63200,trace_2,trace_7
63220,trace_2,trace_7
63240,trace_2,trace_7
63260,trace_2,trace_7
63440,trace_0,trace_9
63460,trace_0,trace_9
63480,trace_0,trace_9
63500,trace_0,trace_9
63520,trace_0,trace_9
63540,trace_0,trace_9
63560,trace_0,trace_9
63580,trace_0,trace_9
63600,trace_0,trace_9
63620,trace_0,trace_9
63640,trace_0,trace_9
63660,trace_0,trace_9
63680,trace_0,trace_9
63700,trace_0,trace_9
63720,trace_0,trace_9
63740,trace_0,trace_9
63760,trace_0,trace_9
63760,trace_3,trace_8
63780,trace_0,trace_9
63800,trace_0,trace_9
63820,trace_0,trace_9
63840,trace_0,trace_9
63840,trace_3,trace_5
63840,trace_3,trace_6
63860,trace_0,trace_9
63880,trace_0,trace_9
63880,trace_3,trace_9
63900,trace_0,trace_9
63900,trace_3,trace_9
63920,trace_0,trace_9
63920,trace_3,trace_9
63940,trace_0,trace_9
63940,trace_3,trace_9
63960,trace_3,trace_9
63980,trace_3,trace_9
64000,trace_3,trace_9
64020,trace_3,trace_9
64040,trace_3,trace_9
64060,trace_3,trace_9
64120,trace_0,trace_2
64120,trace_3,trace_4
64140,trace_0,trace_2
64140,trace_3,trace_4
64160,trace_0,trace_2
64160,trace_3,trace_4
64180,trace_0,trace_2
64200,trace_0,trace_2
64220,trace_0,trace_2
64240,trace_0,trace_2
64260,trace_0,trace_2
64280,trace_0,trace_2
64280,trace_2,trace_3
64300,trace_0,trace_2
64300,trace_2,trace_3
64320,trace_0,trace_2
64320,trace_2,trace_3
64340,trace_0,trace_2
64340,trace_2,trace_3
64360,trace_0,trace_2
64360,trace_2,trace_3
64380,trace_0,trace_2
64380,trace_2,trace_3
64400,trace_0,trace_2
64400,trace_2,trace_3
64420,trace_2,trace_3
64440,trace_2,trace_3
64460,trace_2,trace_3
64460,trace_5,trace_6
64480,trace_2,trace_3
64480,trace_3,trace_7
64480,trace_5,trace_6
64500,trace_3,trace_7
64500,trace_5,trace_6
64520,trace_3,trace_7
64520,trace_5,trace_6
64540,trace_3,trace_7
64540,trace_5,trace_6
64560,trace_5,trace_6
64580,trace_5,trace_6
64600,trace_5,trace_6
64620,trace_5,trace_6
64640,trace_5,trace_6
64660,trace_5,trace_6
64760,trace_1,trace_2
64780,trace_1,trace_2
64800,trace_1,trace_2
64820,trace_1,trace_2
64840,trace_1,trace_2
64860,trace_1,trace_2
64880,trace_0,trace_8
64880,trace_1,trace_2
64900,trace_0,trace_8
64900,trace_1,trace_2
64920,trace_0,trace_8
64920,trace_1,trace_2
64940,trace_0,trace_8
64940,trace_1,trace_2
64960,trace_1,trace_2
64980,trace_0,trace_4
64980,trace_1,trace_2
65000,trace_0,trace_4
65000,trace_1,trace_2
65020,trace_0,trace_4
65020,trace_1,trace_2
65040,trace_0,trace_4
65040,trace_1,trace_2
65060,trace_0,trace_4
65060,trace_1,trace_2
65080,trace_0,trace_4
65100,trace_0,trace_4
65120,trace_0,trace_4
65280,trace_7,trace_9
65300,trace_7,trace_9
65320,trace_7,trace_9
65340,trace_7,trace_9
65480,trace_3,trace_9
65500,trace_3,trace_9
67540,trace_3,trace_4
67600,trace_3,trace_8
67620,trace_3,trace_8
67640,trace_3,trace_8
67660,trace_3,trace_8
67680,trace_3,trace_8
67820,trace_0,trace_8
67840,trace_0,trace_3
67840,trace_0,trace_8
67860,trace_0,trace_3
67860,trace_0,trace_8
67880,trace_0,trace_3
67880,trace_0,trace_8
67900,trace_0,trace_3
67900,trace_0,trace_8
67920,trace_0,trace_3
67920,trace_0,trace_8
67940,trace_0,trace_3
67940,trace_2,trace_6
67960,trace_0,trace_3
67980,trace_0,trace_3
68000,trace_0,trace_3
68020,trace_0,trace_3
68040,trace_0,trace_3
68280,trace_2,trace_6
68300,trace_2,trace_6
68320,trace_2,trace_6
68340,trace_2,trace_6
68360,trace_2,trace_6
68380,trace_2,trace_6
68400,trace_2,trace_6
68420,trace_2,trace_6
68440,trace_2,trace_6
68460,trace_2,trace_6
68660,trace_0,trace_5
68680,trace_0,trace_5
68700,trace_0,trace_5
68720,trace_0,trace_5
68740,trace_0,trace_5
68760,trace_0,trace_5
68780,trace_0,trace_5
68800,trace_0,trace_5
68820,trace_0,trace_5
69120,trace_4,trace_7
69140,trace_4,trace_7
69160,trace_4,trace_7
69180,trace_4,trace_7
69200,trace_4,trace_7
69220,trace_4,trace_7
69580,trace_4,trace_9
69600,trace_4,trace_9
69860,trace_4,trace_6
69860,trace_4,trace_7
69880,trace_4,trace_6
69880,trace_4,trace_7
69900,trace_4,trace_6
69900,trace_4,trace_7
69920,trace_4,trace_7
70180,trace_1,trace_4
70200,trace_1,trace_4
70200,trace_1,trace_5
70220,trace_1,trace_4
70220,trace_1,trace_5
70240,trace_1,trace_5
70260,trace_1,trace_5
70480,trace_1,trace_9
70500,trace_1,trace_9
70520,trace_1,trace_9
70760,trace_2,trace_8
71060,trace_4,trace_7
71080,trace_4,trace_7
71100,trace_4,trace_7
71120,trace_4,trace_7
71140,trace_4,trace_7
71160,trace_4,trace_7
71180,trace_4,trace_7
71200,trace_4,trace_7
71220,trace_4,trace_7
71240,trace_4,trace_7
71260,trace_4,trace_7
71500,trace_0,trace_4
71580,trace_3,trace_5
71600,trace_3,trace_5
71620,trace_3,trace_5
71640,trace_3,trace_5
71660,trace_3,trace_5
71680,trace_3,trace_5
71700,trace_3,trace_5
71720,trace_3,trace_5
71740,trace_3,trace_5
71760,trace_3,trace_5
71780,trace_3,trace_5
71800,trace_3,trace_5
71820,trace_3,trace_5
71840,trace_3,trace_5
71860,trace_3,trace_5
71880,trace_3,trace_5
71900,trace_1,trace_3
71900,trace_3,trace_5
71920,trace_1,trace_3
71920,trace_3,trace_5
71940,trace_1,trace_3
71940,trace_3,trace_5
71960,trace_1,trace_3
71960,trace_3,trace_5
72180,trace_0,trace_5
72180,trace_2,trace_5
72200,trace_0,trace_5
72200,trace_2,trace_5
72220,trace_0,trace_5
72220,trace_2,trace_5
72240,trace_0,trace_5
72240,trace_2,trace_5
72260,trace_0,trace_5
72260,trace_2,trace_5
72280,trace_0,trace_5
72280,trace_2,trace_5
72300,trace_0,trace_5
72320,trace_0,trace_5
72340,trace_0,trace_5
72360,trace_0,trace_5
72380,trace_0,trace_5
72400,trace_0,trace_5
72400,trace_3,trace_5
72420,trace_0,trace_5
72420,trace_3,trace_5
72440,trace_3,trace_5
72460,trace_1,trace_3
72460,trace_3,trace_5
72480,trace_1,trace_3
72500,trace_1,trace_3
72520,trace_1,trace_3
72540,trace_1,trace_3
72560,trace_1,trace_3
72580,trace_1,trace_3
72600,trace_1,trace_3
72620,trace_1,trace_3
72640,trace_1,trace_3
72660,trace_1,trace_3
72660,trace_1,trace_4
72680,trace_1,trace_4
72700,trace_1,trace_4
72760,trace_5,trace_9
72780,trace_3,trace_9
72780,trace_5,trace_9
72800,trace_3,trace_9
72820,trace_3,trace_9
72840,trace_3,trace_9
72860,trace_3,trace_9
72920,trace_3,trace_4
72940,trace_3,trace_4
72960,trace_3,trace_4
72980,trace_3,trace_4
73000,trace_3,trace_4
73020,trace_3,trace_4
73040,trace_3,trace_4
73060,trace_3,trace_4
73080,trace_3,trace_4
73100,trace_1,trace_7
73100,trace_3,trace_4
73120,trace_1,trace_7
73120,trace_3,trace_4
73140,trace_1,trace_7
73140,trace_3,trace_4
73160,trace_1,trace_7
73160,trace_3,trace_4
73160,trace_5,trace_9
73180,trace_1,trace_7
73180,trace_3,trace_4
73180,trace_5,trace_9
73200,trace_1,trace_7
73200,trace_3,trace_4
73200,trace_5,trace_9
73220,trace_1,trace_7
73220,trace_5,trace_9
73240,trace_1,trace_7
73240,trace_5,trace_9
73260,trace_1,trace_7
73260,trace_5,trace_9
73280,trace_1,trace_7
73280,trace_2,trace_6
73280,trace_5,trace_9
73300,trace_1,trace_7
73300,trace_2,trace_6
73300,trace_5,trace_9
73320,trace_1,trace_8
73320,trace_5,trace_9
73340,trace_1,trace_8
73340,trace_5,trace_9
73360,trace_1,trace_8
73360,trace_5,trace_9
73380,trace_1,trace_8
73380,trace_5,trace_9
73400,trace_1,trace_8
73400,trace_5,trace_9
73420,trace_1,trace_8
73420,trace_5,trace_9
73440,trace_5,trace_9
73460,trace_5,trace_9
73480,trace_5,trace_9
73860,trace_0,trace_9
73880,trace_0,trace_9
73900,trace_0,trace_9
73920,trace_0,trace_9
73940,trace_0,trace_9
73960,trace_0,trace_9
73980,trace_0,trace_9
74000,trace_0,trace_9
74020,trace_0,trace_9
74040,trace_0,trace_9
74060,trace_0,trace_9
74080,trace_0,trace_9
74100,trace_0,trace_9
74120,trace_0,trace_9
74120,trace_6,trace_7
74140,trace_0,trace_9
74140,trace_6,trace_7
74160,trace_0,trace_9
74160,trace_6,trace_7
74180,trace_0,trace_9
74200,trace_0,trace_9
74200,trace_2,trace_5
74220,trace_0,trace_9
74220,trace_2,trace_5
74240,trace_0,trace_9
74240,trace_2,trace_5
74260,trace_0,trace_9
74260,trace_2,trace_5
74280,trace_0,trace_9
74280,trace_2,trace_5
74300,trace_0,trace_9
74300,trace_2,trace_5
74320,trace_0,trace_9
74340,trace_0,trace_9
74360,trace_0,trace_9
74660,trace_7,trace_9
74680,trace_7,trace_9
74700,trace_7,trace_9
74720,trace_7,trace_9
74740,trace_7,trace_9
74760,trace_7,trace_9
74780,trace_7,trace_9
74800,trace_7,trace_9
75300,trace_1,trace_8
75320,trace_1,trace_8
75340,trace_1,trace_8
75360,trace_1,trace_8
75380,trace_1,trace_8
75400,trace_1,trace_8
75420,trace_1,trace_8
75440,trace_1,trace_8
75440,trace_5,trace_8
75460,trace_1,trace_8
75460,trace_5,trace_8
75480,trace_1,trace_8
75480,trace_5,trace_8
75500,trace_1,trace_8
75500,trace_5,trace_8
75520,trace_1,trace_8
75520,trace_5,trace_8
75540,trace_1,trace_8
75540,trace_5,trace_8
75560,trace_1,trace_8
75560,trace_5,trace_8
75580,trace_0,trace_8
75580,trace_1,trace_8
75580,trace_5,trace_8
75600,trace_0,trace_8
75600,trace_1,trace_8
75600,trace_5,trace_8
75620,trace_0,trace_8
75620,trace_1,trace_8
75620,trace_5,trace_8
75640,trace_0,trace_8
75640,trace_1,trace_8
75640,trace_3,trace_6
75640,trace_5,trace_8
75660,trace_0,trace_8
75660,trace_1,trace_8
75660,trace_3,trace_6
75660,trace_5,trace_8
75680,trace_0,trace_8
75680,trace_3,trace_6
75680,trace_5,trace_8
75700,trace_0,trace_8
75700,trace_3,trace_6
75700,trace_5,trace_8
75720,trace_0,trace_8
75720,trace_3,trace_6
75720,trace_5,trace_8
75740,trace_0,trace_8
75740,trace_3,trace_6
75740,trace_5,trace_8
75760,trace_0,trace_8
75760,trace_3,trace_6
75760,trace_5,trace_8
75780,trace_0,trace_8
75780,trace_3,trace_6
75780,trace_5,trace_8
75800,trace_0,trace_8
75800,trace_3,trace_6
75800,trace_5,trace_8
75820,trace_0,trace_8
75820,trace_3,trace_6
75820,trace_5,trace_8
75840,trace_0,trace_8
75840,trace_3,trace_6
75840,trace_5,trace_8
75860,trace_0,trace_8
75860,trace_3,trace_6
75860,trace_5,trace_8
75880,trace_0,trace_8
75880,trace_3,trace_6
75880,trace_5,trace_8
75900,trace_0,trace_8
75900,trace_2,trace_6
75900,trace_3,trace_6
75900,trace_5,trace_8
75920,trace_0,trace_8
75920,trace_3,trace_6
75920,trace_5,trace_8
75940,trace_0,trace_8
75940,trace_3,trace_6
75940,trace_5,trace_8
75960,trace_0,trace_8
75960,trace_3,trace_6
75960,trace_5,trace_8
75980,trace_0,trace_8
75980,trace_3,trace_6
75980,trace_5,trace_8
76000,trace_0,trace_8
76000,trace_3,trace_6
76000,trace_3,trace_7
76000,trace_5,trace_8
76020,trace_0,trace_8
76020,trace_3,trace_6
76020,trace_5,trace_8
76040,trace_0,trace_8
76040,trace_3,trace_6
76040,trace_5,trace_8
76060,trace_0,trace_8
76060,trace_3,trace_6
76060,trace_5,trace_8
76080,trace_3,trace_6
76080,trace_5,trace_8
76100,trace_3,trace_6
76100,trace_5,trace_8
76120,trace_3,trace_6
76120,trace_5,trace_8
76120,trace_5,trace_9
76140,trace_3,trace_6
76140,trace_5,trace_9
76160,trace_3,trace_6
76160,trace_5,trace_9
76180,trace_3,trace_6
76180,trace_5,trace_9
76200,trace_3,trace_6
76200,trace_5,trace_9
76220,trace_3,trace_6
76220,trace_5,trace_9
76240,trace_3,trace_6
76240,trace_5,trace_9
76260,trace_3,trace_6
76260,trace_5,trace_9
76280,trace_3,trace_6
76280,trace_5,trace_9
76300,trace_3,trace_6
76320,trace_3,trace_6
76340,trace_3,trace_6
76360,trace_3,trace_6
76380,trace_3,trace_6
76400,trace_3,trace_6
76420,trace_3,trace_6
76440,trace_3,trace_6
76460,trace_4,trace_7
76480,trace_4,trace_7
76500,trace_4,trace_7
76520,trace_4,trace_7
76540,trace_4,trace_7
76560,trace_4,trace_7
76580,trace_4,trace_7
76600,trace_4,trace_7
76620,trace_4,trace_7
76640,trace_4,trace_7
76660,trace_4,trace_7
76680,trace_4,trace_7
76700,trace_4,trace_7
76820,trace_0,trace_3
76840,trace_0,trace_3
76860,trace_0,trace_3
76880,trace_0,trace_3
76900,trace_0,trace_3
77440,trace_5,trace_7
77460,trace_5,trace_7
77480,trace_5,trace_7
77500,trace_5,trace_7
77520,trace_5,trace_7
77540,trace_5,trace_7
77560,trace_5,trace_7
77580,trace_5,trace_7
77600,trace_5,trace_7
77660,trace_4,trace_5
77680,trace_4,trace_5
77700,trace_4,trace_5
77720,trace_4,trace_5
77740,trace_4,trace_5
77760,trace_4,trace_5
77780,trace_4,trace_5
77800,trace_4,trace_5
77820,trace_4,trace_5
77840,trace_4,trace_5
77940,trace_0,trace_7
77960,trace_0,trace_7
77980,trace_0,trace_7
78000,trace_0,trace_7
78020,trace_0,trace_7
78480,trace_5,trace_8
78500,trace_5,trace_8
78520,trace_5,trace_8
78640,trace_6,trace_8
78660,trace_6,trace_8
78880,trace_6,trace_7
78900,trace_6,trace_7
78920,trace_6,trace_7
78940,trace_6,trace_7
78960,trace_6,trace_7
78980,trace_2,trace_9
79000,trace_2,trace_4
79000,trace_2,trace_9
79020,trace_2,trace_4
79020,trace_2,trace_9
79040,trace_0,trace_8
79040,trace_2,trace_4
79040,trace_2,trace_9
79060,trace_0,trace_8
79060,trace_2,trace_4
79060,trace_2,trace_9
79080,trace_2,trace_4
79100,trace_2,trace_4
79120,trace_2,trace_4
79140,trace_2,trace_4
79160,trace_2,trace_4
79180,trace_2,trace_4
79200,trace_2,trace_4
79220,trace_2,trace_4
79240,trace_2,trace_4
79260,trace_2,trace_4
79280,trace_2,trace_4
79300,trace_2,trace_4
79320,trace_2,trace_4
79340,trace_2,trace_4
79360,trace_0,trace_3
79360,trace_2,trace_4
79380,trace_0,trace_3
79380,trace_2,trace_4
79400,trace_0,trace_3
79400,trace_2,trace_4
79420,trace_0,trace_3
79420,trace_2,trace_4
79440,trace_0,trace_3
79440,trace_2,trace_4
79460,trace_0,trace_3
79460,trace_2,trace_4
79480,trace_0,trace_3
79480,trace_2,trace_4
79500,trace_2,trace_4
79520,trace_1,trace_9
79520,trace_2,trace_4
79540,trace_1,trace_9
79540,trace_2,trace_4
79560,trace_1,trace_9
79560,trace_2,trace_4
79580,trace_1,trace_9
79580,trace_2,trace_4
79600,trace_1,trace_9
79600,trace_2,trace_4
79620,trace_1,trace_9
79620,trace_2,trace_4
79640,trace_1,trace_9
79640,trace_2,trace_4
79660,trace_1,trace_9
79660,trace_2,trace_4
79680,trace_1,trace_9
79700,trace_1,trace_9
79720,trace_1,trace_9
79820,trace_0,trace_4
79820,trace_1,trace_3
79840,trace_0,trace_4
80220,trace_5,trace_6
80240,trace_5,trace_6
80260,trace_5,trace_6
80280,trace_1,trace_9
80280,trace_5,trace_6
80300,trace_1,trace_9
80300,trace_5,trace_6
80320,trace_1,trace_9
80320,trace_5,trace_6
80340,trace_1,trace_9
80340,trace_5,trace_6
80360,trace_1,trace_9
80360,trace_5,trace_6
80380,trace_1,trace_9
80380,trace_5,trace_6
80400,trace_1,trace_9
80400,trace_5,trace_6
80420,trace_1,trace_9
80440,trace_1,trace_9
80460,trace_1,trace_9
80480,trace_1,trace_9
80500,trace_1,trace_9
80520,trace_1,trace_9
80540,trace_1,trace_9
80560,trace_1,trace_9
80580,trace_1,trace_9
80600,trace_1,trace_9
80620,trace_1,trace_9
80640,trace_0,trace_9
80640,trace_1,trace_9
80660,trace_0,trace_9
80660,trace_1,trace_9
80680,trace_0,trace_9
80680,trace_1,trace_9
80700,trace_0,trace_9
80700,trace_1,trace_9
80720,trace_0,trace_9
80720,trace_1,trace_9
80740,trace_0,trace_9
80740,trace_1,trace_9
80760,trace_0,trace_9
80760,trace_1,trace_9
80780,trace_0,trace_9
80780,trace_1,trace_9
80800,trace_1,trace_9
80820,trace_1,trace_9
80840,trace_1,trace_9
80840,trace_8,trace_9
80860,trace_1,trace_9
80860,trace_8,trace_9
80880,trace_1,trace_9
80880,trace_8,trace_9
80900,trace_1,trace_9
80900,trace_8,trace_9
80920,trace_1,trace_9
80920,trace_8,trace_9
81140,trace_6,trace_7
81160,trace_6,trace_7
81180,trace_6,trace_7
81200,trace_6,trace_7
81220,trace_6,trace_7
81240,trace_6,trace_7
81260,trace_6,trace_7
81280,trace_6,trace_7
81300,trace_6,trace_7
81320,trace_6,trace_7
81340,trace_6,trace_7
81360,trace_6,trace_7
81380,trace_6,trace_7
81400,trace_6,trace_7
81420,trace_6,trace_7
81440,trace_6,trace_7
81460,trace_6,trace_7
81480,trace_6,trace_7
81500,trace_0,trace_1
81500,trace_6,trace_7
81520,trace_0,trace_1
81520,trace_6,trace_7
81540,trace_0,trace_1
81540,trace_6,trace_7
81560,trace_0,trace_1
81560,trace_6,trace_7
81580,trace_0,trace_1
81580,trace_6,trace_7
81600,trace_0,trace_1
81600,trace_6,trace_7
81620,trace_0,trace_1
81620,trace_6,trace_7
81640,trace_0,trace_1
81640,trace_6,trace_7
81660,trace_0,trace_1
81660,trace_6,trace_7
81680,trace_0,trace_1
81680,trace_6,trace_7
81700,trace_0,trace_1
81720,trace_0,trace_1
81740,trace_0,trace_1
81760,trace_0,trace_1
81780,trace_0,trace_1
81840,trace_5,trace_8
81860,trace_3,trace_6
81860,trace_5,trace_8
81880,trace_3,trace_6
81880,trace_5,trace_8
81900,trace_5,trace_8
81920,trace_5,trace_8
81940,trace_5,trace_8
81960,trace_1,trace_3
81960,trace_5,trace_8
81980,trace_1,trace_3
81980,trace_5,trace_8
82000,trace_1,trace_3
82000,trace_2,trace_7
82000,trace_5,trace_8
82020,trace_1,trace_3
82020,trace_2,trace_7
82020,trace_5,trace_8
82040,trace_1,trace_3
82040,trace_2,trace_7
82040,trace_5,trace_8
82060,trace_0,trace_1
82060,trace_1,trace_3
82060,trace_2,trace_7
82060,trace_5,trace_8
82080,trace_1,trace_3
82080,trace_2,trace_7
82080,trace_5,trace_8
82100,trace_1,trace_3
82100,trace_2,trace_7
82100,trace_5,trace_8
82120,trace_1,trace_3
82120,trace_2,trace_7
82120,trace_5,trace_8
82140,trace_1,trace_3
82140,trace_5,trace_8
82160,trace_1,trace_3
82180,trace_1,trace_3
82200,trace_1,trace_3
82220,trace_1,trace_3
82240,trace_1,trace_3
82260,trace_1,trace_3
82280,trace_1,trace_3
82300,trace_1,trace_3
82540,trace_0,trace_5
82560,trace_0,trace_5
82580,trace_0,trace_5
82600,trace_0,trace_5
82620,trace_0,trace_5
82640,trace_0,trace_5
82660,trace_0,trace_5
82680,trace_0,trace_5
82700,trace_0,trace_5
82720,trace_0,trace_5
82740,trace_0,trace_5
82860,trace_6,trace_9
82880,trace_6,trace_9
82900,trace_6,trace_9
82920,trace_6,trace_9
82940,trace_6,trace_9
82960,trace_6,trace_9
82980,trace_6,trace_9
84040,trace_3,trace_5
84060,trace_3,trace_5
84080,trace_3,trace_5
84080,trace_4,trace_5
84100,trace_3,trace_5
84100,trace_4,trace_5
84120,trace_3,trace_5
84120,trace_4,trace_5
84120,trace_8,trace_9
84140,trace_3,trace_5
84140,trace_4,trace_5
84140,trace_8,trace_9
84160,trace_3,trace_5
84160,trace_4,trace_5
84160,trace_8,trace_9
84180,trace_3,trace_5
84180,trace_4,trace_5
84180,trace_8,trace_9
84200,trace_3,trace_5
84200,trace_4,trace_5
84200,trace_8,trace_9
84220,trace_3,trace_5
84220,trace_4,trace_5
84220,trace_8,trace_9
84240,trace_3,trace_5
84240,trace_4,trace_5
84240,trace_8,trace_9
84260,trace_3,trace_5
84260,trace_4,trace_5
84260,trace_8,trace_9
84280,trace_3,trace_5
84280,trace_4,trace_5
84280,trace_8,trace_9
84300,trace_4,trace_5
84300,trace_8,trace_9
84320,trace_4,trace_5
84340,trace_4,trace_5
84360,trace_4,trace_5
84380,trace_4,trace_5
84400,trace_4,trace_5
84420,trace_4,trace_5
84440,trace_4,trace_5
84460,trace_4,trace_5
84480,trace_4,trace_5
84500,trace_4,trace_5
84520,trace_4,trace_5
84540,trace_4,trace_5
84560,trace_4,trace_5
84580,trace_4,trace_5
84680,trace_1,trace_7
84700,trace_1,trace_7
84780,trace_1,trace_9
84800,trace_0,trace_6
84800,trace_1,trace_9
84820,trace_0,trace_6
84820,trace_1,trace_9
84840,trace_0,trace_6
84840,trace_1,trace_9
84860,trace_0,trace_6
84860,trace_1,trace_9
84880,trace_0,trace_6
84880,trace_1,trace_9
84900,trace_0,trace_6
84920,trace_0,trace_6
84940,trace_0,trace_6
85000,trace_2,trace_4
85020,trace_2,trace_4
85040,trace_2,trace_4
85060,trace_2,trace_4
85080,trace_2,trace_4
85100,trace_2,trace_4
85120,trace_2,trace_4
85360,trace_2,trace_9
85380,trace_2,trace_9
85400,trace_2,trace_9
85400,trace_3,trace_7
85420,trace_1,trace_6
85420,trace_2,trace_9
85420,trace_6,trace_8
85440,trace_1,trace_6
85440,trace_2,trace_9
85440,trace_6,trace_8
85460,trace_1,trace_6
85480,trace_1,trace_6
85500,trace_1,trace_6
85520,trace_1,trace_6
85540,trace_1,trace_6
85560,trace_1,trace_6
85580,trace_1,trace_6
85600,trace_1,trace_6
85620,trace_1,trace_6
85640,trace_1,trace_6
85660,trace_1,trace_6
85680,trace_1,trace_6
85700,trace_1,trace_6
85720,trace_1,trace_6
85740,trace_1,trace_6
85760,trace_1,trace_6
85780,trace_1,trace_6
85800,trace_1,trace_6
85820,trace_1,trace_6
86320,trace_2,trace_6
86340,trace_2,trace_6
86360,trace_2,trace_6
86360,trace_4,trace_9
86380,trace_2,trace_6
86400,trace_2,trace_6
